time,open,high,low,close,volume
1748736000000,104591.88,104647.11,104320.02,104446.49,293.78295
1748739600000,104446.49,104505.58,103991.37,104126.07,466.13267
1748743200000,104126.08,104324.21,103924.52,104195.12,313.34738
1748746800000,104195.13,104464.1,103971.7,104381.03,259.25466
1748750400000,104381.03,104729.99,104360.9,104633.16,272.61866
1748754000000,104633.16,104714.29,104450,104536.57,214.06083
1748757600000,104536.57,104536.58,104195.12,104258.93,257.26107
1748761200000,104258.93,104370.38,104202.48,104275.95,191.3218
1748764800000,104275.95,104386.6,104220.7,104386.6,247.34836
1748768400000,104386.6,104459.07,103752.49,103934.34,679.61906
1748772000000,103934.35,104040.52,103773.69,103930.99,302.13053
1748775600000,103930.98,104152.24,103845.46,104082.68,286.47453
1748779200000,104082.67,104190.48,103783.01,103956.26,354.08075
1748782800000,103956.25,104424.64,103951.61,104259.2,323.14616
1748786400000,104259.19,104773.59,104259.19,104599.7,782.69419
1748790000000,104599.7,104809.53,104502.99,104715.1,409.06118
1748793600000,104715.1,105299.21,104659.47,105038.8,1174.8504
1748797200000,105038.8,105192.99,104986.2,105066.33,319.00519
1748800800000,105066.34,105066.34,104319.79,104900.01,575.5374
1748804400000,104900.01,105156.73,104805.44,105121.94,361.59685
1748808000000,105121.95,105300,104893.72,104948.91,324.69341
1748811600000,104948.91,105504.67,104926.82,105496.54,414.58616
1748815200000,105496.54,105737.84,105414.63,105512.18,474.08063
1748818800000,105512.17,105866.91,105466.39,105642.93,413.01524
1748822400000,105642.93,105735.42,105404.31,105427.48,432.43804
1748826000000,105427.48,105658.38,105349.63,105388.59,368.13444
1748829600000,105388.58,105414.64,105019.05,105026.98,500.23301
1748833200000,105026.97,105055.1,104571.42,104829.27,586.76964
1748836800000,104829.27,104997.06,104700.03,104765.48,262.60797
1748840400000,104765.48,104918.04,104610.13,104833.79,244.85997
1748844000000,104833.79,105266.87,104732.38,105162.38,470.58034
1748847600000,105162.39,105438.87,105162.38,105387.67,346.57956
1748851200000,105387.67,105935.63,105241.18,105328.43,705.16393
1748854800000,105328.43,105335.99,104483.64,104585.36,998.9363
1748858400000,104585.37,104660,104254.71,104370.85,704.18464
1748862000000,104370.85,104487.82,103941,104047.64,725.6249
1748865600000,104047.63,104281.98,103862.5,104200.32,696.19227
1748869200000,104200.32,104570.57,103700,103800,1053.66155
1748872800000,103799.99,104679.25,103659.88,104176.62,1127.64518
1748876400000,104176.61,104565.32,103905.1,104438.79,580.0461
1748880000000,104438.79,104450.01,104030.01,104286.06,501.02384
1748883600000,104286.06,104490.57,104095.23,104399.89,372.61381
1748887200000,104399.89,104731.95,104200,104361.54,367.55001
1748890800000,104361.54,104510.96,104050.96,104425.63,339.8615
1748894400000,104425.64,104995.93,104425.64,104878.62,440.97656
1748898000000,104878.61,105096.66,104575.37,104942,303.58011
1748901600000,104941.99,105800,104941.99,105695.49,784.02023
1748905200000,105695.5,105931.44,105575.47,105857.99,540.70423
1748908800000,105858,106400,105747.14,106285.72,752.61041
1748912400000,106285.72,106488,106110.53,106481.75,485.1048
1748916000000,106481.76,106500,105577.36,105612.46,691.63486
1748919600000,105612.47,105712.72,105340.18,105482.02,441.33737
1748923200000,105482.03,105513.02,105116.2,105166.92,433.84543
1748926800000,105166.93,105472.1,105166.92,105452.08,465.42429
1748930400000,105452.09,105463.19,105218,105429.67,497.04209
1748934000000,105429.67,105438.02,105161.84,105170.75,412.13809
1748937600000,105170.76,105245.29,104872.5,105094.93,579.75676
1748941200000,105094.93,105284.74,105067.74,105198.11,353.4813
1748944800000,105198.12,105343.01,105146.99,105280.99,376.17348
1748948400000,105281,105349.94,105173.87,105287.24,272.00092
1748952000000,105287.24,105425.38,105224.25,105307.94,404.97079
1748955600000,105307.94,105666.67,105031.6,105421.55,737.70303
1748959200000,105421.54,106692.43,105150.94,106550.01,1681.31099
1748962800000,106550.01,106794.67,106333.33,106610.66,1120.18715
1748966400000,106610.66,106666.67,105800,105817.63,798.97951
1748970000000,105817.63,106142.86,105758.25,105943.98,392.12835
1748973600000,105943.99,106047.62,105592.17,106013.15,412.4498
1748977200000,106013.15,106428.58,106013.15,106238.81,403.87736
1748980800000,106238.81,106254.92,105353.5,105738.69,512.78907
1748984400000,105738.7,105847.71,105274.95,105367.93,366.43282
1748988000000,105367.92,105902.93,105308,105743.74,299.07218
1748991600000,105743.74,105743.74,105266.02,105376.89,369.07549
1748995200000,105376.9,105524.96,105132.27,105476.2,493.99756
1748998800000,105476.2,105740,105422.59,105592.9,442.93676
1749002400000,105592.9,105839.63,105415.09,105476.22,250.94227
1749006000000,105476.22,105745.29,105444.32,105519.27,280.68523
1749009600000,105519.26,105611.96,105404.25,105407.05,264.21374
1749013200000,105407.06,105549.03,105340.66,105354.14,1117.59375
1749016800000,105354.14,105436.64,105250,105301.02,613.5989
1749020400000,105301.03,105469,105264.23,105320.75,247.91386
1749024000000,105320.75,105585.45,105320.75,105435.93,351.33591
1749027600000,105435.93,105919.26,105329.54,105825.31,986.00175
1749031200000,105825.31,106000,105650.96,105705.13,390.95549
1749034800000,105705.13,105820.04,105080.26,105084.36,2112.4711
1749038400000,105084.36,105157.27,104794.5,105039.19,887.65828
1749042000000,105039.2,105272.3,104720,104761.17,633.64563
1749045600000,104761.17,105045.79,104179,105033.3,1446.2321
1749049200000,105033.3,105542,104928.65,105298.27,938.94287
1749052800000,105298.26,105464.85,105094,105445.89,468.85884
1749056400000,105445.9,105483.14,104963.64,105051.1,399.33188
1749060000000,105051.11,105300,104920.01,104951.54,301.21483
1749063600000,104951.54,105079.99,104865.25,104913.52,282.68857
1749067200000,104913.52,104959.64,104407.16,104609.87,484.36457
1749070800000,104609.88,105045.79,104549.83,104930.61,304.21199
1749074400000,104930.61,105034.91,104744.18,104775.36,158.79559
1749078000000,104775.37,104864.5,104625.15,104696.86,176.30335
1749081600000,104696.86,104976.75,104651.16,104976.74,242.65293
1749085200000,104976.75,105155.55,104697.84,104774.92,288.56241
1749088800000,104774.92,105240.84,104774.92,104989.48,396.55703
1749092400000,104989.48,105064.95,104880.2,105047.15,198.77038
1749096000000,105047.15,105226.14,105032.95,105173.71,182.6561
1749099600000,105173.72,105189.22,104570.43,104649.23,673.16476
1749103200000,104649.22,104696.73,104380,104452.93,416.36718
1749106800000,104452.94,104636.46,104424.52,104518.05,321.50806
1749110400000,104518.05,104681.28,104424.52,104675.36,277.44002
1749114000000,104675.36,104920,104675.35,104900,298.63026
1749117600000,104900,104900.01,104517.43,104659.24,304.88123
1749121200000,104659.25,104847.52,104551.64,104827.8,180.80524
1749124800000,104827.79,105776.99,104790.69,105649.59,1029.99302
1749128400000,105649.6,105909.71,104303.64,104527,1449.94992
1749132000000,104527,104927.79,103900,104639.2,1874.15172
1749135600000,104639.21,104871.31,104330.18,104531.49,713.68921
1749139200000,104531.5,104598.87,103258,103262.53,1390.7435
1749142800000,103262.54,103581.4,103140,103240.04,962.55375
1749146400000,103240.04,103354.56,102581.56,103006.05,1385.84959
1749150000000,103006.04,103036.91,101596.62,101914.77,2448.38476
1749153600000,101914.76,102171.44,100372.26,100483.91,3383.41936
1749157200000,100483.92,101658.17,100428,101542.82,2188.11746
1749160800000,101542.82,101707.77,101029.46,101502.61,949.97233
1749164400000,101502.61,101835.7,101488.37,101508.68,762.68132
1749168000000,101508.69,101907,101095.8,101900.77,874.39109
1749171600000,101900.77,101944.89,101681.77,101841.2,378.25915
1749175200000,101841.19,102208.28,101535.61,102203.52,725.19187
1749178800000,102203.53,102520,102056.23,102493.3,774.57977
1749182400000,102493.3,102799.23,102387.38,102777,593.0447
1749186000000,102777.01,102954.24,102683.22,102954.24,461.43449
1749189600000,102954.23,103210.06,102896.1,103160,638.68853
1749193200000,103160,103468.66,103050.9,103150.44,585.47496
1749196800000,103150.44,103589,103150.43,103510.25,492.04854
1749200400000,103510.25,103750,103510.24,103643.98,621.57206
1749204000000,103643.99,103800,103553.31,103676.25,580.32136
1749207600000,103676.24,103991.45,103643.78,103927.99,524.28446
1749211200000,103927.99,104300,103513.7,103753.27,1382.8038
1749214800000,103753.26,104529.65,103753.26,104098.84,950.84579
1749218400000,104098.84,104880.88,104004.83,104776.7,991.71953
1749222000000,104776.7,105333,104616.12,105092.28,1335.00321
1749225600000,105092.28,105284,104708.08,104758.27,1057.7328
1749229200000,104758.28,104975.47,104390.18,104922.14,761.7073
1749232800000,104922.14,104982.38,104475.93,104497.69,373.48505
1749236400000,104497.69,104601.87,104013.21,104219.8,569.98192
1749240000000,104219.8,104617.56,104167.98,104478.07,332.96273
1749243600000,104478.07,104488.38,104300,104386.29,362.2665
1749247200000,104386.29,104485.91,104232.55,104476.81,240.44272
1749250800000,104476.82,104487.28,104193.32,104288.44,230.83152
1749254400000,104288.43,104511.69,103871.09,104511.69,440.68115
1749258000000,104511.68,104567.89,104348.83,104453.56,211.2017
1749261600000,104453.55,104611.68,104328.18,104531.57,266.07012
1749265200000,104531.58,104910.77,104484.52,104871.58,482.21131
1749268800000,104871.59,104880.32,104643.62,104819.99,263.09442
1749272400000,104820,105000,104751.16,104877.36,292.29171
1749276000000,104877.37,105319,104788.31,105316.37,409.73016
1749279600000,105316.36,105319.13,104834.27,104867.04,343.94832
1749283200000,104867.03,104966.69,104689.81,104746.44,233.72481
1749286800000,104746.44,104942.02,104746.43,104848.09,208.46137
1749290400000,104848.09,105198.58,104840.29,105145.84,355.28954
1749294000000,105145.83,105264,105050.04,105150.01,382.87799
1749297600000,105150.01,105702.99,105150,105465.21,1059.92731
1749301200000,105465.22,105800,105309.56,105610.52,478.46327
1749304800000,105610.53,105688.4,105394.48,105431.61,394.99404
1749308400000,105431.61,105577.18,105316.98,105558.11,264.34496
1749312000000,105558.11,105666.66,105279.06,105350.68,279.15265
1749315600000,105350.68,105558.62,105350,105393.21,183.64973
1749319200000,105393.21,105884.46,105393.2,105599.99,712.93146
1749322800000,105599.99,105871.33,105599.99,105725.91,360.31008
1749326400000,105725.91,105900,105725.9,105846.98,192.22857
1749330000000,105846.98,105865.43,105707.39,105764.64,139.73285
1749333600000,105764.63,105900,105664,105820.51,179.8611
1749337200000,105820.52,105820.52,105534.88,105552.15,209.75344
1749340800000,105552.15,105654.95,105441.86,105473.21,278.41728
1749344400000,105473.22,105786.33,105400.57,105690.33,312.19485
1749348000000,105690.32,105690.33,105441.86,105441.87,301.18228
1749351600000,105441.86,105500,105394.03,105471.59,192.88835
1749355200000,105471.59,105636.53,105408.38,105614.38,151.52478
1749358800000,105614.37,105653.13,105412.76,105438.34,148.53573
1749362400000,105438.34,105599.32,105432.96,105442.87,155.65979
1749366000000,105442.88,105556.15,105410.23,105426.45,167.34238
1749369600000,105426.46,105495.99,105367.88,105373.81,192.70501
1749373200000,105373.82,105405.8,105075.51,105140.01,497.00351
1749376800000,105140,105481.24,104964.14,105357.64,605.7311
1749380400000,105357.64,105720.94,105357.63,105686.71,376.57336
1749384000000,105686.71,105773.6,105520.25,105721.5,711.6709
1749387600000,105721.5,106160.19,105577.36,105627.9,891.02348
1749391200000,105627.9,105910.17,105577.36,105829.66,258.38147
1749394800000,105829.66,106095.85,105818.18,105984.52,339.9057
1749398400000,105984.53,106320.77,105943.91,106189.99,430.6459
1749402000000,106190,106360,106081.59,106082.95,300.0469
1749405600000,106082.95,106325.59,106020.46,106317.7,214.12634
1749409200000,106317.71,106335.9,106180.85,106289.99,155.14719
1749412800000,106289.99,106319.92,106118.72,106147.66,273.99242
1749416400000,106147.65,106488.14,106147.65,106331.92,236.61843
1749420000000,106331.92,106360.85,105674.7,105770.55,441.89266
1749423600000,105770.55,105775.99,105545.71,105734,414.85324
1749427200000,105734.01,105966.33,105581.44,105706.34,642.30292
1749430800000,105706.34,105740.9,105427.53,105527.71,390.41065
1749434400000,105527.71,105724.76,105475.48,105560.89,237.10673
1749438000000,105560.9,105700.37,105318.37,105659.13,525.2294
1749441600000,105659.14,105717.3,105428.02,105449.21,501.62589
1749445200000,105449.21,105522.87,105325.6,105379.11,319.63601
1749448800000,105379.12,105692.84,105319,105692.83,454.58589
1749452400000,105692.84,105692.84,105500,105560.71,194.49207
1749456000000,105560.71,105949.09,105473.57,105926.39,461.1018
1749459600000,105926.4,106888,105832,106612.52,1140.00074
1749463200000,106612.53,107464.77,106565.3,107179.7,1524.82298
1749466800000,107179.7,107806,107146.18,107759.21,1299.03104
1749470400000,107759.21,107990,107540.22,107750.39,875.21201
1749474000000,107750.39,107893.4,106860,107026.47,1035.50084
1749477600000,107026.48,108000,107026.48,107610.33,1005.76983
1749481200000,107610.32,108020,107522.79,107635.91,627.93587
1749484800000,107635.91,108127.16,107635.91,107697.51,895.91837
1749488400000,107697.52,108422.28,107659.35,108337.56,661.80863
1749492000000,108337.57,108552.44,108284.5,108446.18,521.19201
1749495600000,108446.18,108767.24,108339.68,108564.72,610.54706
1749499200000,108565.86,108736.19,108456.08,108706.74,326.05236
1749502800000,108706.74,110530.17,108706.73,109973.75,3520.02143
1749506400000,109973.74,110420,109734.92,110177.28,1243.72377
1749510000000,110177.28,110313.99,109866.18,110263.02,961.34621
1749513600000,110263.02,110311.82,109909.54,109913.91,893.59303
1749517200000,109913.91,109953.98,109648.29,109788.57,524.96936
1749520800000,109788.58,109788.58,109381.24,109650.94,568.91009
1749524400000,109650.95,109684.89,109382.38,109568.02,369.14727
1749528000000,109568.03,109649.98,109366,109528.55,369.49008
1749531600000,109528.55,109737.68,109200,109310.49,529.37516
1749535200000,109310.49,109650,109161,109502.68,427.51687
1749538800000,109502.69,109517.16,109095.67,109205.14,990.69176
1749542400000,109205.14,109415.1,109056.9,109082.65,522.59315
1749546000000,109082.65,109521.84,109065.14,109508.78,615.65872
1749549600000,109508.78,109573.3,109275.43,109303.61,324.81871
1749553200000,109303.61,109851.8,109199.81,109541.28,881.83399
1749556800000,109541.93,109700,109415.62,109697.76,554.16291
1749560400000,109697.75,109900.81,108888.88,109305.28,1408.6638
1749564000000,109305.28,109332.45,108468.29,108620.01,1840.47344
1749567600000,108620,109199.99,108331.03,109015.42,1443.70766
1749571200000,109015.41,109251.41,108690.59,108720.61,536.4776
1749574800000,108720.61,109064.06,108616.68,108711.37,359.45497
1749578400000,108711.37,109480.67,108518.86,109282.38,477.70957
1749582000000,109282.38,110400,109282.37,109526.3,1266.2179
1749585600000,109526.3,110018.07,109239.68,109960,609.61756
1749589200000,109960.01,110000,109420,109863.07,453.96715
1749592800000,109863.06,110181.1,109610.4,109727.87,482.13147
1749596400000,109727.88,110299.73,109600,110274.39,620.64617
1749600000000,110274.39,110274.4,109780,109825.54,496.67292
1749603600000,109825.55,109832.94,109565.1,109605.53,388.64877
1749607200000,109605.53,109858.22,109533.97,109677.03,257.11312
1749610800000,109677.03,109858.23,109622.03,109722.95,251.1783
1749614400000,109722.95,109735.24,109552.68,109562.75,173.09706
1749618000000,109562.75,109650.59,109430.38,109468.03,198.18742
1749621600000,109468.04,109679.24,109373.67,109595.01,322.84155
1749625200000,109595.02,109745.29,109446.73,109446.74,306.34832
1749628800000,109446.74,109675.69,109446.73,109576.02,413.74462
1749632400000,109576.03,109603.57,109233.62,109269.83,579.74506
1749636000000,109269.82,109468.67,109200,109373.12,390.96093
1749639600000,109373.13,109391.75,109193.89,109252.09,249.30459
1749643200000,109252.1,109927.04,109008.82,109714.87,1297.31517
1749646800000,109714.87,109900,109301.42,109684,948.34709
1749650400000,109684,110392.01,109650.94,109866.69,1345.14543
1749654000000,109866.69,110042.9,109660.72,109735.7,808.45996
1749657600000,109735.7,109815.84,109341.79,109439.38,689.45368
1749661200000,109439.38,109768.85,108964.16,108984.72,724.99224
1749664800000,108984.72,109072.91,108412.01,108807.25,963.32708
1749668400000,108807.25,108960,108576,108742.37,459.75917
1749672000000,108742.37,109001.5,108480,108906.44,360.27215
1749675600000,108906.45,109219.51,108367.94,108508.18,462.92455
1749679200000,108508.17,108633.38,108064,108443.38,692.16947
1749682800000,108443.38,108691.87,108324,108645.12,335.90773
1749686400000,108645.13,108813.55,108326.55,108705.99,394.62489
1749690000000,108706,108706,108258.49,108515.99,531.45564
1749693600000,108515.99,108759,108390.34,108400.52,897.03762
1749697200000,108400.52,108448.03,107730,107860.05,1933.71635
1749700800000,107860.04,107917.41,107320,107765.12,841.46439
1749704400000,107765.13,107922.43,107593.67,107746.91,355.94523
1749708000000,107746.91,107993.58,107640.33,107909.02,438.0718
1749711600000,107909.02,107961.01,107438.65,107633.53,702.19948
1749715200000,107633.53,107835.83,107440.13,107731.67,406.91931
1749718800000,107731.67,107771.55,107488.95,107507.35,309.4496
1749722400000,107507.35,107518.85,107200,107323.16,521.81989
1749726000000,107323.16,107349.31,106874.47,106900.95,628.23956
1749729600000,106900.95,107431.82,106870,106988.54,763.31238
1749733200000,106988.55,107198.75,106600,107070.8,920.69916
1749736800000,107070.8,107721.17,107070.8,107612.69,862.27021
1749740400000,107612.7,107822.5,106890.88,107020.95,655.00365
1749744000000,107020.96,107858.32,106985.38,107744.71,562.58066
1749747600000,107744.7,108450.16,107702.42,108287.4,769.24972
1749751200000,108287.4,108419.21,107229.47,107561.35,522.24144
1749754800000,107561.36,107879.92,106680,106788.8,704.93602
1749758400000,106789.8,106960.77,105772.73,105973.62,2315.98411
1749762000000,105973.61,106430.39,105860.9,105894.31,679.88503
1749765600000,105894.32,106225.4,105726.65,105890.7,576.44703
1749769200000,105890.69,106140,105671.72,105671.73,485.11901
1749772800000,105671.74,105694,103213.87,103797.81,5330.14891
1749776400000,103797.81,103938.59,102664.31,103773.65,3550.75225
1749780000000,103773.65,103976.64,103065.58,103641.21,1362.18578
1749783600000,103641.2,104590,103605.12,104277.22,1292.28749
1749787200000,104277.22,104506.36,103782.75,104404.52,700.3376
1749790800000,104404.52,104450,104000,104002.25,650.15589
1749794400000,104002.26,104722.5,103825.11,104704.26,812.26154
1749798000000,104704.27,104970.12,104376.43,104895,1192.2614
1749801600000,104895.01,105434.34,104690.85,104739.45,1404.55532
1749805200000,104739.44,104916,104500,104830.36,688.51868
1749808800000,104830.36,104925.1,104425.79,104874.01,531.07719
1749812400000,104874,105045.79,104640,105039.48,522.51084
1749816000000,105039.48,105290.14,104822.36,104852.29,768.82163
1749819600000,104852.28,105300,104674.14,104732.44,853.87525
1749823200000,104732.82,105011.76,104118,104970.74,1137.70532
1749826800000,104970.74,105747.47,104860,105436.87,1140.75299
1749830400000,105436.87,105981,105308.83,105783.66,1087.38893
1749834000000,105783.65,105783.65,104867.65,105390.94,775.10222
1749837600000,105390.94,105480,104668.73,105193.04,631.03278
1749841200000,105193.04,105436.9,104900,105110,457.01476
1749844800000,105110.01,105508.34,105020.87,105424,385.01118
1749848400000,105424,105788.79,105326.41,105612.59,270.63672
1749852000000,105612.58,105840,105542,105751.28,221.74081
1749855600000,105751.29,106179.53,105751.28,106066.59,414.68186
1749859200000,106066.59,106252,105703.61,105826.32,1271.508
1749862800000,105826.32,105826.33,105440,105470.35,1198.12686
1749866400000,105470.35,105611.67,105312.88,105374.17,288.65282
1749870000000,105374.18,105440,105197.96,105228.82,259.19985
1749873600000,105228.83,105397.06,105212.09,105371.07,216.26058
1749877200000,105371.08,105397.06,105233.95,105288.3,205.15438
1749880800000,105288.3,105321.82,105105.13,105105.13,221.23119
1749884400000,105105.14,105144.57,104792.98,105076.59,360.03462
1749888000000,105076.59,105132.36,104871.06,105095.03,215.34556
1749891600000,105095.04,105110.15,104850.54,104862.26,253.37215
1749895200000,104862.26,105117.07,104836.06,105011.92,145.57424
1749898800000,105011.92,105096,104948.38,105082.01,172.47595
1749902400000,105082.01,105100,104745.1,105053.63,267.44126
1749906000000,105053.64,105131.25,104902.28,105017.41,263.02313
1749909600000,105017.41,105060.42,104841.96,104913.01,157.82263
1749913200000,104913.01,104983.05,104615.38,104841.3,356.85346
1749916800000,104841.29,104900,104359.5,104457.85,672.80896
1749920400000,104457.84,104721.53,104404.9,104608.17,342.50861
1749924000000,104608.18,104995.72,104359.08,104892.81,351.26848
1749927600000,104892.82,105045.78,104630.19,104645.67,320.70643
1749931200000,104645.66,104991,104300,104894.29,372.96357
1749934800000,104894.3,105458.71,104867.14,105315.54,414.26935
1749938400000,105315.55,105480,105289.45,105428.74,222.42456
1749942000000,105428.75,105480,105348.81,105414.64,249.91305
1749945600000,105414.63,105663.98,105264.75,105643.99,328.94394
1749949200000,105643.99,105680,105410.5,105421.03,196.2376
1749952800000,105421.03,105624,105421.03,105481.02,132.30823
1749956400000,105481.03,105566.22,105463.54,105473.55,101.92751
1749960000000,105473.54,105563.04,105473.54,105559.68,100.97805
1749963600000,105559.69,106100,105507.65,106073.94,290.03365
1749967200000,106073.95,106128.57,105410.43,105440.69,690.48683
1749970800000,105440.7,105453.46,105200,105428,300.03128
1749974400000,105428,105482.4,105134.69,105197.19,259.58184
1749978000000,105197.18,105197.19,104867.64,104915.15,370.65353
1749981600000,104915.15,105188.96,104915.14,105119.99,230.53887
1749985200000,105119.99,105162.51,104915.14,104970.51,196.37895
1749988800000,104970.51,105296,104955.48,105289.81,257.28037
1749992400000,105289.81,105660.31,105220.65,105515.97,350.85804
1749996000000,105515.97,105838.24,105308.82,105657.64,336.0044
1749999600000,105657.63,105794.12,105539,105564,301.25817
1750003200000,105563.99,105687.74,105332,105567.24,329.84918
1750006800000,105567.24,105777.09,105476.4,105689.64,194.07613
1750010400000,105689.65,105689.65,105472,105485.29,157.31009
1750014000000,105485.29,105566.43,105082.97,105294.19,294.74223
1750017600000,105294.19,105300,104600.13,104729.53,453.57123
1750021200000,104729.53,104828.94,104494.53,104807.75,477.5022
1750024800000,104807.75,105359.96,104734.42,105263.51,432.23208
1750028400000,105263.52,105617.82,105226.79,105594.01,381.41607
1750032000000,105594.02,105769.85,105352.94,105429.32,422.15418
1750035600000,105429.32,105885,104980.37,105815.08,559.26238
1750039200000,105815.09,105970.59,105684.46,105785.51,435.10541
1750042800000,105785.51,105966,105708.93,105921.84,263.51613
1750046400000,105921.85,106396.3,105874.48,106386,656.51068
1750050000000,106386,106785.71,106312.33,106559.98,595.46163
1750053600000,106559.99,106777.38,106510.61,106586.01,445.28877
1750057200000,106586,107262.31,106586,107061.8,1080.95051
1750060800000,107061.8,107242.92,106954.47,107180,486.60178
1750064400000,107180,107255.01,106863.98,106945.86,789.42833
1750068000000,106945.86,107200,106744.66,106834.32,436.77622
1750071600000,106834.33,106976.75,106582.25,106883.99,436.11918
1750075200000,106884,106900,106600,106690.47,352.59083
1750078800000,106690.47,107172.11,106495.09,107160.06,556.73469
1750082400000,107160.06,107784.26,106787.99,107533.5,1083.59008
1750086000000,107533.5,107715.4,107307.81,107424.96,545.4424
1750089600000,107424.96,107906.98,107309.15,107765.99,671.1767
1750093200000,107765.99,108017.98,107627.9,107755,586.42985
1750096800000,107755.01,108278,107686.56,108255.96,494.51232
1750100400000,108255.97,108888,108255.96,108652,996.00646
1750104000000,108652.01,108849.77,108428,108782.68,565.88847
1750107600000,108782.68,108817,108321.45,108513.1,363.37911
1750111200000,108513.1,108952.38,107418.24,107700.01,1124.54821
1750114800000,107700.01,107982.63,106700,106794.53,975.19108
1750118400000,106794.53,107262.31,106115.35,107238.63,1478.91948
1750122000000,107238.68,107399,106930.23,107173.51,437.59004
1750125600000,107173.51,107600,106572.07,107482.39,551.95383
1750129200000,107482.4,107771.34,107364.89,107590.41,557.48911
1750132800000,107590.41,107711.06,107303.01,107333.64,324.27105
1750136400000,107333.64,107403.99,107040,107122.02,467.39075
1750140000000,107122.01,107234.94,106724,106832.91,387.2144
1750143600000,106832.92,106879.48,106481.6,106758.52,518.07804
1750147200000,106758.52,106822.78,106484.89,106568.06,362.87139
1750150800000,106568.06,106655.82,106069.55,106160.57,707.9622
1750154400000,106160.58,106248.43,105721.29,105956.01,798.36423
1750158000000,105956.01,105956.01,105508.23,105641.47,539.34753
1750161600000,105641.48,105862.03,105420,105507,548.13287
1750165200000,105506.99,105754.05,105200,105349.27,715.74499
1750168800000,105349.28,105694.42,104777.48,104847.33,1268.55694
1750172400000,104847.33,104968.69,104130.95,104241.63,1775.82912
1750176000000,104241.62,104484.97,103500.01,103630.67,1788.59454
1750179600000,103630.67,104250,103371.02,103814.01,1318.17143
1750183200000,103814,104414.85,103626.05,104414.84,582.53411
1750186800000,104414.84,105336.82,104414.83,104686.12,1030.66661
1750190400000,104686.12,104898.81,104262.88,104362.39,631.39909
1750194000000,104362.39,104822.31,104252.33,104552.58,424.96971
1750197600000,104552.59,104731.61,104203.85,104228.31,339.43238
1750201200000,104228.31,104730.77,104228.31,104551.17,310.84641
1750204800000,104551.17,104857.14,104379.52,104842.78,396.62544
1750208400000,104842.78,105176.61,104680,104776.92,347.92348
1750212000000,104776.92,105099.99,104695.82,104856.06,299.75201
1750215600000,104856.06,105240,104849.13,105184.84,302.08543
1750219200000,105184.84,105504.67,105074.25,105447.39,286.6217
1750222800000,105447.53,105550.27,105375.05,105423.5,448.33108
1750226400000,105423.51,105527.88,104859.18,104966.2,578.89056
1750230000000,104966.19,105000.9,104713.24,104973.24,445.08193
1750233600000,104973.24,105310.62,104756.33,104949.9,393.96563
1750237200000,104949.91,105142,104565,104697.03,323.45218
1750240800000,104697.02,104797.06,104175.87,104266.19,531.68147
1750244400000,104266.18,104858.8,104192.46,104840.59,651.35695
1750248000000,104840.58,104908.49,104474.81,104514,615.40924
1750251600000,104513.99,104550.92,103814.04,104439.81,1121.40671
1750255200000,104439.82,105325.83,104228.3,104619.88,1418.42072
1750258800000,104619.87,104973.79,104150.13,104801.01,869.2412
1750262400000,104801.01,104836.64,104334.78,104426.93,509.29545
1750266000000,104426.93,104508,103615.33,104331.83,918.22252
1750269600000,104332,104706.08,103586,103623.39,1023.7841
1750273200000,103623.39,104437.7,103500,103808.41,839.17523
1750276800000,103808.41,104988.88,103652,104822.33,628.82425
1750280400000,104822.34,105139.87,104378.62,105085.5,574.55745
1750284000000,105085.49,105138,104794.41,104815.23,257.38438
1750287600000,104815.23,104956.74,104630.09,104886.78,187.15256
1750291200000,104886.79,105226.17,104680.41,104944.06,534.37997
1750294800000,104944.06,104964.02,104466.16,104599.25,386.57688
1750298400000,104599.25,105000.64,104457.12,104722.51,325.08223
1750302000000,104722.5,105114.45,104722.5,105100.02,233.06599
1750305600000,105100.01,105111.37,104803.98,105073.52,300.10136
1750309200000,105073.52,105220,104819.62,104892.86,274.94947
1750312800000,104892.86,104989.34,104630.89,104707.94,280.44541
1750316400000,104707.95,104848.49,104617.69,104642.85,276.76135
1750320000000,104642.85,104986.13,104631.26,104746.12,291.39146
1750323600000,104746.11,105030,104729.83,104994,284.66266
1750327200000,104994,105073.53,104843.7,104913.19,199.62218
1750330800000,104913.19,104913.2,104720.1,104776.23,173.90893
1750334400000,104776.23,104917.05,104663.77,104752.6,249.90189
1750338000000,104752.61,104785.15,104244.11,104283.33,413.67121
1750341600000,104283.33,104690.47,104109.06,104148.6,435.78555
1750345200000,104148.61,104443.94,104078,104096.93,496.14025
1750348800000,104096.94,104425.15,103933.33,104001.13,377.21937
1750352400000,104001.13,104814.73,103929.27,104521.31,684.04339
1750356000000,104521.32,104694.01,104294.09,104392.53,296.18725
1750359600000,104392.54,104464.29,104126.98,104250.44,266.773
1750363200000,104250.45,104496,104150,104266.82,161.1343
1750366800000,104266.83,104413.66,104228.53,104332.45,176.53959
1750370400000,104332.45,104774.32,104332.45,104596.29,323.86777
1750374000000,104596.29,104898.31,104463.56,104658.59,236.39591
1750377600000,104658.59,104820,104563.25,104692.74,238.6379
1750381200000,104692.74,104797.06,104391.38,104778.5,179.3014
1750384800000,104778.5,104800,104496.5,104628,378.45556
1750388400000,104628,104700,104511,104596.63,230.06249
1750392000000,104596.64,104600,104238.02,104258.59,233.22018
1750395600000,104258.59,104585.99,104258.59,104584.68,326.07738
1750399200000,104584.68,104769.25,104584.68,104719.86,234.96044
1750402800000,104719.86,105825.66,104648.46,105811.74,1083.81217
1750406400000,105811.74,106524.65,105780.76,105959.68,1568.80558
1750410000000,105959.68,106078.85,105757.48,105940.58,475.74806
1750413600000,105940.57,106172.06,105829.18,105958.87,509.44809
1750417200000,105958.87,106075.14,105801.09,105977.82,308.78491
1750420800000,105977.82,106107.69,105876.01,105982.89,249.32596
1750424400000,105982.9,106149.17,105361.62,105674,755.45526
1750428000000,105673.99,105795.39,103888,103940.01,1538.46329
1750431600000,103940.01,104623.34,103888,104217.99,1125.6248
1750435200000,104218,104269.64,103620.01,103670.61,1250.51824
1750438800000,103670.61,103761.84,102345,103279.26,2746.51433
1750442400000,103279.26,103428.5,103037.25,103165.45,792.98471
1750446000000,103165.44,103495.72,103010.41,103307.22,437.48107
1750449600000,103307.21,103828,103300.11,103693.5,712.51715
1750453200000,103693.51,103719.99,103353.06,103532,311.76605
1750456800000,103531.99,103532,102980,103107.11,435.1464
1750460400000,103107.12,103339.99,102963.67,103297.99,295.95141
1750464000000,103297.98,103339.99,103127.48,103248.07,202.14606
1750467600000,103248.06,103515.37,103137.86,103515.36,263.84601
1750471200000,103515.36,103538.6,103377.44,103499.98,139.14418
1750474800000,103499.99,103691.67,103495.87,103495.87,145.59786
1750478400000,103495.86,103531.97,103333,103384.98,129.74868
1750482000000,103384.99,103487,103343,103421.21,115.82266
1750485600000,103421.21,103599.04,103330,103572.69,164.9677
1750489200000,103572.69,103572.69,103360.02,103458.5,276.07214
1750492800000,103458.5,103830.48,103458.49,103826.03,335.53724
1750496400000,103826.03,103933.33,103653.14,103843.37,387.02991
1750500000000,103843.37,103982.64,103767.77,103831.22,298.42441
1750503600000,103831.22,103929.99,103724.13,103874.64,167.57049
1750507200000,103874.63,103946.47,103786.61,103807.7,151.86969
1750510800000,103807.7,103866.98,103534.62,103572.29,272.41367
1750514400000,103572.29,103776,103382.97,103549.99,497.84934
1750518000000,103550,103680,103281.82,103560.9,527.14166
1750521600000,103560.9,103640,103449.1,103486.01,208.22464
1750525200000,103486.01,103589.2,103174.12,103182.98,342.68316
1750528800000,103182.98,103423.21,102633.45,102645.22,616.44824
1750532400000,102645.22,102757.22,102210.43,102245.1,1198.04823
1750536000000,102245.11,102888.88,102206,102782.08,454.58904
1750539600000,102782.09,102836,101110,101455.61,1921.95689
1750543200000,101455.61,102000,101446.74,101772.96,652.3887
1750546800000,101772.97,102322.41,100837.9,102120.01,1684.69272
1750550400000,102120.02,103399.62,101839.96,102852,1871.90453
1750554000000,102852,103005.37,102237.37,102387,887.90565
1750557600000,102387.01,102884,101885.98,102347.64,1115.38093
1750561200000,102347.63,102600,102127.34,102375.4,464.71771
1750564800000,102375.4,102786.38,102256.01,102548.15,383.4842
1750568400000,102548.14,102919.46,102548.14,102853.89,414.14625
1750572000000,102853.89,102946.47,102692.87,102744.36,318.23622
1750575600000,102744.36,102750,102269.18,102424.61,365.86442
1750579200000,102424.61,102712.34,102318.04,102712.34,353.70287
1750582800000,102712.34,102804.05,102080,102199.99,564.4597
1750586400000,102199.99,102532.44,102150,102495.69,394.55689
1750590000000,102495.68,102760.5,102428.69,102739.48,488.58739
1750593600000,102739.47,102831,102584.36,102759.98,502.02446
1750597200000,102759.97,102810.28,100268.75,100865.66,3718.17394
1750600800000,100865.66,101239.06,99066.36,99628.28,5962.78508
1750604400000,99628.29,99826.34,98889.35,98906.21,2239.60197
1750608000000,98906.21,99689.66,98673.66,99667.17,1941.29236
1750611600000,99667.17,100380,99407.98,99480,1314.03627
1750615200000,99480.01,99777.61,99350.34,99437.42,497.41061
1750618800000,99437.42,99453.75,98800,98882.84,666.66278
1750622400000,98882.85,99760,98200,99536,1553.47813
1750626000000,99536,99667.01,99004.72,99173.83,581.67969
1750629600000,99173.83,100980.06,99140,100980.05,1447.49104
1750633200000,100980.05,101034.65,100645.88,100963.87,698.82763
1750636800000,100963.87,101620,100494.25,100904.6,1456.49465
1750640400000,100904.6,101109.87,100564.19,101101.64,510.13988
1750644000000,101101.65,101399.37,100930.2,101301.2,558.46691
1750647600000,101301.2,101370.68,101073.32,101154.14,405.1221
1750651200000,101154.13,101314.46,100980,101167.99,476.00651
1750654800000,101168,101890,101167.99,101771.02,654.30154
1750658400000,101771.01,102064.69,101645.47,101940.27,858.16211
1750662000000,101940.28,102137,101748.31,101931.04,520.59927
1750665600000,101931.04,102080,101746.61,101881.37,611.15349
1750669200000,101881.38,101881.38,101389.09,101567.66,744.83165
1750672800000,101567.66,101577.01,101198.68,101463.21,457.66095
1750676400000,101463.22,101562.19,101102.76,101289.01,713.87442
1750680000000,101289,101684.7,101112.06,101684.7,534.10819
1750683600000,101684.7,102480.06,100792.16,102354.14,1686.21308
1750687200000,102354.15,102613.09,101496,101624.39,1515.43225
1750690800000,101624.39,102060.25,101301.2,101420.7,715.91148
1750694400000,101420.71,101453.35,99613.33,100692.1,2500.92801
1750698000000,100692.1,102690,100500.22,102484.02,2504.13624
1750701600000,102484.02,103300,102387.72,102933.78,1726.1708
1750705200000,102933.77,103230.76,102676.94,103161.29,765.13745
1750708800000,103161.3,103915.5,102880,103739.99,1393.77246
1750712400000,103740,104214.28,103624.19,103705.52,1054.87886
1750716000000,103705.52,106074.2,103697.06,105538.19,4047.63551
1750719600000,105538.17,105665.05,105115.65,105333.93,1255.36828
1750723200000,105333.94,105500,104909.69,105132.59,875.43152
1750726800000,105132.59,105499.99,104966.99,105450.76,601.29109
1750730400000,105450.75,105450.75,104729.69,104753.8,857.70174
1750734000000,104753.8,105127.94,104720.82,104919.6,547.71821
1750737600000,104919.6,104959.24,104704.91,104826.14,328.91534
1750741200000,104826.13,105426.48,104826.13,105396.54,800.95842
1750744800000,105396.54,105811,105244.84,105655.23,1003.25722
1750748400000,105655.23,105777,104900,104933.74,1025.84889
1750752000000,104933.74,105167.24,104622.02,104996.77,869.69249
1750755600000,104996.78,105571.4,104968.25,105198.98,541.75908
1750759200000,105198.99,105351,105069.23,105281.99,340.65394
1750762800000,105281.98,105428.03,105001.6,105170,464.75889
1750766400000,105169.99,105306.54,104968.43,105205.47,430.49812
1750770000000,105205.47,105390.27,104800.98,105065.44,899.11622
1750773600000,105065.45,105665.52,104950.8,105517.5,910.70771
1750777200000,105517.5,105731.92,105153.01,105244.73,693.40867
1750780800000,105244.72,106268,105172.64,106225.26,1025.54114
1750784400000,106225.25,106290,105609.8,106046.69,688.95518
1750788000000,106046.69,106088.96,105523.8,105533.73,334.55603
1750791600000,105533.73,105677.82,105270.48,105643.19,317.34852
1750795200000,105643.2,106098,105435.45,106087.3,303.1649
1750798800000,106087.3,106119.11,105729.95,105989.05,323.30084
1750802400000,105989.04,106025.92,105734.38,106025.39,215.34353
1750806000000,106025.39,106083,105774.9,106083,251.76566
1750809600000,106083,106470.21,105808.03,106407.34,592.29341
1750813200000,106407.34,106616.01,106016,106387.43,631.33414
1750816800000,106387.42,106791.18,106300,106474.58,835.01863
1750820400000,106474.58,106599.9,106216.62,106232.01,326.44832
1750824000000,106232.01,106308.89,106001,106197.56,412.73706
1750827600000,106197.55,106396.61,106037.14,106213.72,356.85468
1750831200000,106213.72,106461.04,106125.05,106399.99,265.13494
1750834800000,106400,106702,106321.25,106600.01,282.89666
1750838400000,106600,106663.24,106343.13,106635.76,311.52266
1750842000000,106635.76,106971.91,106449.61,106628.06,622.78256
1750845600000,106628.05,107184.68,106567.38,107126.49,814.12848
1750849200000,107126.5,107237.44,106866.9,107198.02,524.38199
1750852800000,107198.02,107300,106927.8,107240,638.76405
1750856400000,107240,108130.24,107172.87,107923.21,2185.64353
1750860000000,107923.22,108135.3,107226.94,107629.59,2426.55627
1750863600000,107629.58,107638,106752.36,107028,2246.03929
1750867200000,107027.99,107490.75,106989.03,107139.81,647.37905
1750870800000,107139.81,107529.35,106931,107402.53,416.2053
1750874400000,107402.54,107523.9,107177.52,107406.63,346.45173
1750878000000,107406.62,107905.37,107394.97,107761.68,699.65838
1750881600000,107761.67,107859.33,107500,107781.2,280.92154
1750885200000,107781.2,108000,107444.57,107569.67,358.92205
1750888800000,107569.67,107569.68,107215,107275.01,222.01581
1750892400000,107275.01,107375.01,107079.9,107340.58,257.06498
1750896000000,107340.59,107623.52,107252.21,107320,388.09743
1750899600000,107320,107900,107105.43,107638.01,438.8069
1750903200000,107638.01,108039.05,107562.4,107920.47,511.55605
1750906800000,107920.47,108272.45,107783.69,107853.79,558.37668
1750910400000,107853.79,107953.27,107692.64,107845.41,326.06452
1750914000000,107845.4,107845.4,107520,107632.09,213.1355
1750917600000,107632.09,107813.57,107553.11,107761.5,239.49288
1750921200000,107761.5,108085.92,107751.3,107813.99,512.12581
1750924800000,107813.99,108174.86,107709.38,107753.07,504.11053
1750928400000,107753.07,107786.53,107275.63,107325.12,744.20067
1750932000000,107325.13,107468.94,107240,107389.01,348.76501
1750935600000,107389,107403.02,107117.65,107325.41,413.36685
1750939200000,107325.42,107421.57,107033.33,107122.48,385.28934
1750942800000,107122.47,107348.52,106817.64,106960.01,798.08785
1750946400000,106960.01,107765.55,106884.31,107436.6,711.91004
1750950000000,107436.6,107515.5,106562.5,107313.6,727.84181
1750953600000,107313.61,107410.94,107009.28,107196.05,326.30789
1750957200000,107196.06,107442.84,107145.38,107192.99,275.62731
1750960800000,107192.99,107580,107137.03,107384.1,289.91325
1750964400000,107384.11,107669.74,107328,107532.98,360.79815
1750968000000,107532.97,108000,107451.95,107766.29,497.91662
1750971600000,107766.3,107799.99,106850,107029.6,462.11523
1750975200000,107029.59,107235.29,106961.94,106992.59,243.89497
1750978800000,106992.59,107063.05,106865.56,106947.06,295.4715
1750982400000,106947.06,107179.8,106650.26,106675.22,332.61058
1750986000000,106675.21,107229.95,106438.33,107122.81,490.44969
1750989600000,107122.8,107300,107062.42,107253.6,277.3313
1750993200000,107253.59,107515.28,107168.79,107477.76,371.91271
1750996800000,107477.76,107568.68,107360.65,107497.06,282.76941
1751000400000,107497.07,107550,107267.73,107267.74,285.13466
1751004000000,107267.73,107385.24,107202.67,107278.82,187.40893
1751007600000,107278.82,107735.34,106850,106869.71,1190.74662
1751011200000,106869.72,107087.85,106679.98,106998.53,756.49658
1751014800000,106998.54,107137.64,106786.47,107083.8,1011.48795
1751018400000,107083.81,107159.95,106953.02,106995.32,328.42336
1751022000000,106995.33,107147.83,106921.66,106983.6,221.66755
1751025600000,106983.6,107200,106601.64,106692.9,489.40703
1751029200000,106692.89,106982.4,106356.76,106820.99,613.57127
1751032800000,106821,107105.43,106370.44,106557.79,2106.24243
1751036400000,106557.79,107407.14,106485.37,107308.25,495.30793
1751040000000,107308.25,107709.22,107094.03,107480.1,678.72532
1751043600000,107480.1,107497.16,106477.34,106875.75,501.2309
1751047200000,106875.75,107000,106446.45,106704.6,440.83658
1751050800000,106704.6,107020.66,106594.1,106801.02,366.69076
1751054400000,106801.02,107130.36,106794.33,107119.5,254.52948
1751058000000,107119.5,107277.99,107038.54,107052.01,231.16317
1751061600000,107052.01,107190.21,107052.01,107100.7,148.83751
1751065200000,107100.7,107171.23,106961.7,107047.59,169.4587
1751068800000,107047.58,107176.68,106847.59,107064.19,284.90876
1751072400000,107064.2,107129.33,106811.51,107066.19,193.38505
1751076000000,107066.19,107200,107015.7,107110,154.46239
1751079600000,107110.01,107347.1,107080.27,107300.13,142.29084
1751083200000,107300.13,107310.9,107183.29,107191.19,92.66137
1751086800000,107191.2,107317,107185.32,107294.8,127.55204
1751090400000,107294.81,107449.07,107294.8,107412.07,119.62237
1751094000000,107412.07,107496.12,107400.68,107485,157.78581
1751097600000,107485.01,107493.07,107347.85,107379.99,100.63716
1751101200000,107380,107380,107275,107307.99,109.33753
1751104800000,107308,107376.89,107252.6,107274.41,117.47879
1751108400000,107274.41,107373.4,107270.37,107373.39,88.84492
1751112000000,107373.39,107373.4,107292.44,107341.34,109.02275
1751115600000,107341.34,107354.82,107084.15,107101.78,222.67132
1751119200000,107101.79,107258.35,107101.78,107204.8,128.87426
1751122800000,107204.81,107577.75,107190.21,107449.28,254.30559
1751126400000,107449.28,107520.32,107253.22,107295.84,215.26558
1751130000000,107295.85,107542.5,107295.13,107465.12,116.29548
1751133600000,107465.13,107465.13,107260.64,107318,97.82363
1751137200000,107318,107339.38,107225.74,107225.74,69.70492
1751140800000,107225.74,107235.4,107154.62,107169.52,80.40679
1751144400000,107169.52,107347.65,107169.52,107331.38,82.17435
1751148000000,107331.37,107378.37,107257.09,107370.61,141.59714
1751151600000,107370.61,107370.62,107282.72,107296.79,75.06468
1751155200000,107296.79,107500,107254.16,107475.92,216.23676
1751158800000,107475.91,107475.92,107310.53,107311,101.25733
1751162400000,107311,107355.06,107172.52,107307.48,143.34108
1751166000000,107307.47,107307.48,107189.86,107210.78,73.19936
1751169600000,107210.78,107272.77,107210.77,107264.15,55.66311
1751173200000,107264.16,107310,107205.82,107309.99,65.97827
1751176800000,107310,107385.92,107309.99,107376.95,104.8323
1751180400000,107376.96,107402.18,107330,107402.18,114.10295
1751184000000,107402.17,107719.58,107402.17,107693.85,317.48769
1751187600000,107693.85,107972.74,107627.49,107891.64,417.03479
1751191200000,107891.64,108297.89,107849.61,108153.26,789.94745
1751194800000,108153.25,108484,108096.56,108477.11,464.45774
1751198400000,108477.12,108528.5,108033,108189.88,374.4257
1751202000000,108189.88,108228.28,108012.82,108051.52,254.59705
1751205600000,108051.53,108215.12,107777.77,107948.08,346.17479
1751209200000,107948.07,108034.13,107650,107750.72,345.2614
1751212800000,107750.72,107792.05,107320,107552.03,545.10349
1751216400000,107552.03,107592.17,107316.46,107544.44,341.27998
1751220000000,107544.44,107718.02,107445.4,107640.01,195.17898
1751223600000,107640.01,107640.01,107365.96,107406.81,106.96705
1751227200000,107406.8,107494.06,107359.78,107359.79,127.90868
1751230800000,107359.79,107734.59,107250,107543.48,254.81614
1751234400000,107543.48,108277.23,107543.48,108079.9,562.58019
1751238000000,108079.91,108436.47,108013.28,108356.93,513.90412
1751241600000,108356.93,108789.99,108255.81,108713.81,695.19445
1751245200000,108713.8,108770,108396.18,108493.93,354.63098
1751248800000,108493.92,108652,108445.01,108479.81,283.7017
1751252400000,108479.99,108580,108419.56,108503.74,230.64114
1751256000000,108503.74,108538.76,108301.6,108314.99,265.0143
1751259600000,108314.98,108380,108168.48,108280.65,230.27709
1751263200000,108280.66,108299.99,107518.88,107571.72,588.6705
1751266800000,107571.73,107746.13,107481.31,107614.08,497.31364
1751270400000,107614.07,107747.76,107459,107512.89,368.679
1751274000000,107512.89,107704.98,107466.18,107478.77,269.13675
1751277600000,107478.78,107649.5,107400,107649.49,263.79321
1751281200000,107649.5,107964.33,107624.99,107654.2,340.59546
1751284800000,107654.21,107824.31,107561.16,107570.58,362.20383
1751288400000,107570.59,107858.79,107482.56,107525.49,546.11194
1751292000000,107525.49,107641.31,106777.77,106803.32,1166.01856
1751295600000,106803.32,107796.2,106733.33,107580.46,905.70004
1751299200000,107580.47,107807.94,107281.5,107599.96,413.06794
1751302800000,107599.96,107792.99,107429.39,107462.94,346.53424
1751306400000,107462.95,107614.9,107116.4,107242.01,230.18635
1751310000000,107242,107794.19,107212.6,107745.97,325.03838
1751313600000,107745.97,107764.73,107480,107577.89,187.16819
1751317200000,107577.88,107589,106900.02,107130.81,441.72872
1751320800000,107130.8,107317.53,107029.64,107112.75,203.265
1751324400000,107112.76,107232.59,107063.04,107146.5,239.4535
1751328000000,107146.51,107449.25,107026.93,107377.02,253.62802
1751331600000,107377.03,107540,107171.42,107220,219.64653
1751335200000,107220,107410.74,107097.87,107101.69,207.06087
1751338800000,107101.68,107223,107070.2,107192.38,293.12458
1751342400000,107192.39,107203.11,106867.43,106881.6,261.75371
1751346000000,106881.6,106967.76,106740,106932.49,402.48733
1751349600000,106932.49,106932.49,106758.24,106890.77,167.32269
1751353200000,106890.77,107178.99,106615.97,107178.99,436.41463
1751356800000,107178.99,107178.99,106681.52,106710.12,282.35131
1751360400000,106710.12,106794.09,106500,106556.39,389.14535
1751364000000,106556.39,106633.31,106301.86,106490.42,468.88764
1751367600000,106490.42,106622.05,106317.17,106605.8,294.43204
1751371200000,106605.79,106706.05,106365.24,106421.08,284.29339
1751374800000,106421.07,106885.38,106301.04,106807.42,1241.43566
1751378400000,106807.43,107179.99,105717.84,105925,1572.86174
1751382000000,105925.01,106200,105623.39,105955.18,876.10488
1751385600000,105955.19,106280,105831.5,106082.56,343.73692
1751389200000,106082.55,106287.95,105909.42,106253.79,279.69821
1751392800000,106253.8,106269.6,105699.22,105749.68,412.70793
1751396400000,105749.68,105804,105387.68,105398.53,654.75967
1751400000000,105398.52,105995.44,105250.85,105920.01,431.58675
1751403600000,105920.01,106100,105744.81,105784.13,231.93599
1751407200000,105784.12,105916.64,105600,105613.22,253.7495
1751410800000,105613.21,105702.39,105361.33,105681.14,246.49903
1751414400000,105681.13,105781.43,105377.35,105392.3,239.30387
1751418000000,105392.3,105790.07,105100.19,105720,517.94641
1751421600000,105720,105920.11,105525.61,105908.7,333.47913
1751425200000,105908.71,106216.08,105871.07,106194.7,362.91292
1751428800000,106194.7,106382.86,106131.55,106382.86,339.23333
1751432400000,106382.85,106667.57,106292.29,106638.83,395.18675
1751436000000,106638.83,107014.39,106633.83,107014.38,611.77648
1751439600000,107014.39,107186.78,106852.83,107080,557.31452
1751443200000,107080,107745,107080,107728.99,802.78861
1751446800000,107729,107799.99,107506.52,107636.16,388.44355
1751450400000,107636.15,107860.23,107612.67,107848.95,442.3967
1751454000000,107848.95,107848.96,107338.15,107479.99,514.05194
1751457600000,107479.98,107479.99,107186.1,107379.92,371.85695
1751461200000,107379.92,107998,107280,107768.2,587.51111
1751464800000,107768.21,108171.8,107659.35,108139.99,937.16142
1751468400000,108140,108759.2,108120,108737.74,1330.61173
1751472000000,108737.75,109646.45,108650.97,109413.02,2695.11586
1751475600000,109413.01,109730,108834.3,109129.67,1117.75624
1751479200000,109129.68,109538.89,108989.9,109538.88,522.88486
1751482800000,109538.88,109681.81,109293.9,109676.14,1320.35211
1751486400000,109676.14,109676.14,109128.72,109136.3,575.18566
1751490000000,109136.31,109542.31,109130.01,109441.8,1281.72086
1751493600000,109441.79,109498.91,109100.57,109142,673.30761
1751497200000,109142,109170.42,108720,108849.6,773.5973
1751500800000,108849.59,109115.03,108715.56,108915,494.29688
1751504400000,108915,109111,108807.43,108975.97,383.5858
1751508000000,108975.96,108975.97,108530.4,108721.52,335.42231
1751511600000,108721.52,108820,108620.25,108628.21,226.69063
1751515200000,108628.2,109000.01,108566.14,108790,293.13317
1751518800000,108790,109381.12,108790,109340.37,452.51528
1751522400000,109340.37,109548,109237.85,109478.94,372.89912
1751526000000,109478.95,109478.95,109146.2,109280,442.04211
1751529600000,109279.99,109580,109279.99,109377.57,557.97387
1751533200000,109377.57,110273.21,109377.57,109942.2,1791.81347
1751536800000,109942.19,110000,109628.08,109839.37,644.21123
1751540400000,109839.38,109839.38,109584.61,109599.19,255.55023
1751544000000,109599.18,109916,108749.99,109167.99,1102.71213
1751547600000,109168,110529.18,109133.3,110255.63,1445.48707
1751551200000,110255.64,110499.6,109560,109718.57,999.03383
1751554800000,109718.57,109833.3,109107,109127.84,654.49287
1751558400000,109127.85,109683.19,109020.8,109288.46,584.75038
1751562000000,109288.47,109655.7,109278.41,109556,410.71077
1751565600000,109556,109721.51,109332.1,109678.75,284.97474
1751569200000,109678.75,109910.1,109638.01,109803.41,408.00794
1751572800000,109803.41,109947.11,109772.37,109947.11,187.94195
1751576400000,109947.1,110000,109687.59,109788,261.66349
1751580000000,109787.99,109874.69,109650.94,109699.17,195.2012
1751583600000,109699.17,109820,109510,109584.78,261.97178
1751587200000,109584.77,109708.04,109384.38,109478.94,234.7478
1751590800000,109478.94,109767.59,109445.86,109500.01,208.55945
1751594400000,109500.01,109500.01,109103.71,109180.54,302.6227
1751598000000,109180.54,109373.08,109119.23,109235.57,256.79241
1751601600000,109235.58,109329.6,108950,108982.59,364.1263
1751605200000,108982.59,109204.08,108921,109012,345.38756
1751608800000,109012,109028.98,108804,109025.99,279.91071
1751612400000,109026,109144.33,108700,108700,619.63648
1751616000000,108700,108892,108518.83,108763.28,397.51798
1751619600000,108763.29,109070,108763.28,108997.59,290.69348
1751623200000,108997.6,109067.06,108865.38,108899.74,212.83251
1751626800000,108899.73,109111,108856,108888,185.34724
1751630400000,108888,108978.64,108611.53,108731.79,244.5987
1751634000000,108731.8,108856.49,107970.22,107970.23,953.81709
1751637600000,107970.22,108110.75,107505,107810,1361.9337
1751641200000,107809.99,107939.03,107573.28,107573.29,1055.73997
1751644800000,107573.29,107750.01,107333.33,107636.98,1414.5159
1751648400000,107636.99,107922.5,107632,107875.37,364.43679
1751652000000,107875.37,107875.37,107489.23,107489.23,990.63968
1751655600000,107489.23,107637.84,107245,107469.23,662.11075
1751659200000,107469.22,107813.04,107440.63,107692.01,228.63195
1751662800000,107692.01,107941.99,107689.91,107911.2,255.84136
1751666400000,107911.19,108279.33,107886.84,108254.95,374.4163
1751670000000,108254.95,108254.96,107958,107984.24,189.00934
1751673600000,107984.25,108224.56,107955.07,108196.01,182.76266
1751677200000,108196,108196.01,107894.61,107981.13,148.43092
1751680800000,107981.14,108095.59,107756.31,108067.87,246.24667
1751684400000,108067.88,108259.99,108067.87,108154.72,189.1976
1751688000000,108154.72,108420.56,108032,108137.66,171.53463
1751691600000,108137.65,108166.31,108000,108125.63,147.7334
1751695200000,108125.63,108287.48,108059.71,108270.82,183.20807
1751698800000,108270.82,108270.82,108000.99,108053.46,157.65432
1751702400000,108053.46,108125.37,107922.8,108029.97,140.43625
1751706000000,108029.96,108123.62,107870.42,108078.06,184.41899
1751709600000,108078.07,108216.22,108053.3,108085.23,189.72643
1751713200000,108085.24,108219.19,108085.23,108112.21,160.79807
1751716800000,108112.2,108152.95,107971,108148.57,94.22384
1751720400000,108148.56,108232.29,108100.44,108125.99,170.43426
1751724000000,108126,108223.22,108103.84,108193.23,140.40955
1751727600000,108193.23,108193.24,108047.42,108058,159.40315
1751731200000,108058,108112.8,107864.75,108101.99,216.8031
1751734800000,108101.99,108159,107941,108090.08,128.19149
1751738400000,108090.08,108098,107965.51,108010,120.9452
1751742000000,108010.01,108167.23,107953.03,108141.78,120.25631
1751745600000,108141.78,108159.39,107993.39,108096.75,99.85777
1751749200000,108096.74,108140,108061.53,108090,83.77406
1751752800000,108089.99,108200,108048.25,108188.47,91.98951
1751756400000,108188.46,108250,108181.61,108198.12,208.53945
1751760000000,108198.12,108250,108112.96,108206.99,89.82019
1751763600000,108206.99,108218.25,108084.92,108218.25,95.82235
1751767200000,108218.25,108268.35,108060.02,108060.02,133.80239
1751770800000,108060,108100,108025.97,108050.49,77.80971
1751774400000,108050.49,108100,107930.45,107989.11,116.9031
1751778000000,107989.1,108010.13,107962.19,108003.35,83.81175
1751781600000,108003.36,108218,107977.7,108121.98,156.92717
1751785200000,108121.99,108194.59,108040.17,108040.31,140.25482
1751788800000,108040.31,108065.69,107969.31,108005.27,238.55538
1751792400000,108005.27,108056.01,107817.8,107850.01,198.30154
1751796000000,107850,108111,107800.01,107990.93,218.41123
1751799600000,107990.93,108079.17,107949.99,108076.01,85.72788
1751803200000,108076,108233,108045.76,108232.99,204.94128
1751806800000,108233,109127.03,108191.85,108772.17,934.17809
1751810400000,108772.18,109049.27,108612,108933.25,560.71245
1751814000000,108933.25,109000.12,108665.86,108905.99,493.52424
1751817600000,108906,108955.63,108708,108856.92,239.51721
1751821200000,108856.92,108966.62,108727.16,108919.22,143.19416
1751824800000,108919.23,108928,108266.67,108463.99,356.56585
1751828400000,108464,108630.95,108307.69,108538.46,182.73112
1751832000000,108538.45,108840,108536.86,108665.47,128.29699
1751835600000,108665.48,109700,108665.47,109208.25,810.60996
1751839200000,109208.24,109526.69,109203.86,109228.73,464.06563
1751842800000,109228.73,109278.18,108977.54,109203.84,293.12251
1751846400000,109203.85,109288.02,108800.01,108823.07,253.63512
1751850000000,108823.07,109089,108679.75,109019.13,299.62996
1751853600000,109019.13,109499.99,109019.12,109364.52,433.83049
1751857200000,109364.53,109700,109364.52,109389.47,326.56622
1751860800000,109389.46,109447.54,109128.72,109128.73,184.07817
1751864400000,109128.73,109201.65,109035.21,109079.99,184.85155
1751868000000,109079.99,109174.87,108769.23,108774.5,348.32807
1751871600000,108774.5,109061.08,108654.94,109061.08,351.63493
1751875200000,109061.07,109087.86,108860.5,109011.7,211.49643
1751878800000,109011.7,109011.71,108761.13,108849.06,259.49114
1751882400000,108849.05,108899.32,108660.14,108664.14,967.12524
1751886000000,108664.15,108801,108572.52,108642.01,355.32653
1751889600000,108642.01,108642.02,108303.83,108346.85,889.93465
1751893200000,108346.86,108572,108019.23,108536.84,726.60378
1751896800000,108536.84,108660,107970,108223.14,535.69464
1751900400000,108223.14,108621.45,108223.14,108292.59,364.16316
1751904000000,108292.59,108493.56,107906.25,107976.91,640.2301
1751907600000,107976.91,108354,107811,107943.15,381.91342
1751911200000,107943.16,108100,107513.2,108024.53,492.15098
1751914800000,108024.53,108314.72,108009.99,108056.68,311.81983
1751918400000,108056.67,108140.5,107866.66,107886.85,220.5076
1751922000000,107886.85,108213,107800.01,108166.95,283.98408
1751925600000,108166.94,108180,107973.06,108019.23,222.87717
1751929200000,108019.23,108300,108019.23,108262.94,159.50275
1751932800000,108262.94,108525,108193.48,108299.99,409.64154
1751936400000,108299.99,108300,107689.64,107705.03,327.96475
1751940000000,107705.03,107945,107429.57,107766.2,1090.68261
1751943600000,107766.2,108000,107686.92,107901.52,183.27109
1751947200000,107901.52,108019.24,107750,108019.24,152.71362
1751950800000,108019.23,108220.39,107990,108210.94,193.76866
1751954400000,108210.94,108392.05,108135.25,108299.72,260.36038
1751958000000,108299.71,108499,108216.04,108484.61,403.22303
1751961600000,108484.61,108525,108262.35,108262.36,242.39116
1751965200000,108262.35,108488.98,108229.15,108469.99,142.75742
1751968800000,108469.99,108900,108419.08,108832.77,470.58627
1751972400000,108832.78,109005,108756.36,108756.37,458.50309
1751976000000,108756.37,108949.19,108688.82,108949.19,228.47887
1751979600000,108949.19,109216.56,108631.27,109034.61,591.54102
1751983200000,109034.6,109072.81,108250,108376,597.6859
1751986800000,108376,108528.06,108217.07,108268.35,430.74475
1751990400000,108268.35,108562.95,108096.55,108439.37,340.38908
1751994000000,108439.37,109100,108439.37,108991,1106.48635
1751997600000,108991.01,109147.56,108909.94,109147.56,700.15853
1752001200000,109147.55,109147.56,108736,108771.88,279.87349
1752004800000,108771.87,108939,108630.53,108630.54,159.96027
1752008400000,108630.53,108970.4,108624,108889.9,169.96042
1752012000000,108889.89,108973.58,108818.08,108917.01,153.40934
1752015600000,108917.01,108974,108823.07,108922.98,121.46916
1752019200000,108922.99,108957.58,108777.97,108940.39,140.46581
1752022800000,108940.38,109136,108722.09,108780.76,219.97215
1752026400000,108780.77,108837.7,108600,108611.53,277.87433
1752030000000,108611.53,108665.4,108348,108376.41,356.48997
1752033600000,108376.41,108564,108324.53,108553.61,214.96856
1752037200000,108553.6,108942.2,108489.2,108778.1,393.65608
1752040800000,108778.1,108860,108667.01,108840.01,219.55216
1752044400000,108840.01,108876.3,108675.15,108714.39,173.42235
1752048000000,108714.39,108837.7,108654.15,108654.16,259.46811
1752051600000,108654.15,108793.47,108553.18,108763.37,334.08934
1752055200000,108763.37,108900,108708,108900,159.39779
1752058800000,108900,109117,108899.99,109058.27,523.04092
1752062400000,109058.27,109500,108992.87,109330.77,917.6335
1752066000000,109330.76,109769.39,109128.72,109184,1400.69872
1752069600000,109183.99,109460.94,108503,108900.29,1123.17859
1752073200000,108900.29,109215.69,108816.52,109071.32,666.8805
1752076800000,109071.32,109475.29,109047.49,109408.71,338.27349
1752080400000,109408.72,109447.82,109047.49,109168,301.26918
1752084000000,109168.01,109579.98,109137.42,109536.49,559.4946
1752087600000,109536.5,111999.79,109500,111750,5139.53728
1752091200000,111749.99,111952.33,110559.4,110714.97,1677.69298
1752094800000,110714.97,111280,110682.39,110818.36,689.32229
1752098400000,110818.36,111403.85,110818.36,111382.17,582.41183
1752102000000,111382.17,111521,111229.92,111233.99,613.49597
1752105600000,111234,111319.24,110916.66,110916.66,402.36165
1752109200000,110916.66,111356,110880,111189.71,474.28195
1752112800000,111189.7,111581,111150,111213.91,493.35901
1752116400000,111213.91,111221.14,110986.33,111074.51,317.73205
1752120000000,111074.52,111185.77,110951.59,111150,292.13383
1752123600000,111150,111164.35,110898,111086.14,477.20128
1752127200000,111086.14,111306.49,111086.14,111233.34,395.68308
1752130800000,111233.33,111432.46,111144.08,111230,502.09594
1752134400000,111229.99,111398.96,111102.78,111233.33,401.06449
1752138000000,111233.34,111258,111021.57,111041.36,286.97004
1752141600000,111041.37,111098.3,110870.33,111088.51,356.07524
1752145200000,111088.51,111173.95,110967,111019.99,363.6832
1752148800000,111019.99,111020,110752.35,110869,357.65859
1752152400000,110869,111039.99,110500,110800.01,544.26918
1752156000000,110801.78,111319.24,110642.3,111247.57,729.68377
1752159600000,111247.56,111408.41,110969.51,111408.4,589.60583
1752163200000,111408.4,112725.38,111322.32,112643.48,2446.3854
1752166800000,112643.47,113788.23,112545.95,113722.82,2757.376001
1752170400000,113722.83,113760.97,112985.64,113420,1310.78452
1752174000000,113420.01,113680,113098.45,113301.81,946.49177
1752177600000,113301.8,113580,113270.98,113493.16,554.81409
1752181200000,113493.16,116868,113385.36,116490.52,6314.071274
1752184800000,116490.52,116499.95,115800,116008.38,2278.63989
1752188400000,116008.38,116099.99,115645.88,116010,1291.02859
1752192000000,116010.01,116098.8,115222.22,115590.63,1041.06079
1752195600000,115590.64,116078.85,115514.57,115967.57,786.25654
1752199200000,115967.57,116800,115702.86,116672.57,1353.14236
1752202800000,116672.57,116950,116390.25,116881.7,1276.211611
1752206400000,116881.69,116929,116500,116918.16,674.02539
1752210000000,116918.16,118404.22,116918.16,117860.37,2636.873797
1752213600000,117860.38,118400,117602.22,117648.33,1499.83544
1752217200000,117648.32,118108.79,117468.53,117526.88,3129.43875
1752220800000,117526.88,118133,117526.88,117964.76,1000.8286
1752224400000,117964.75,118869.98,117883.74,118470.34,1514.6018
1752228000000,118470.35,118470.35,117946.72,117983.78,1340.00944
1752231600000,117983.78,118110.6,117583.16,117821.91,808.62177
1752235200000,117821.91,118259.24,117741.94,117878.11,861.42649
1752238800000,117878.1,118189.18,117273.45,117989.18,1463.56142
1752242400000,117989.17,118170.24,117388,117858.16,1074.59567
1752246000000,117858.15,117960,116724.66,116902.59,1311.7905
1752249600000,116902.58,117433.4,116604.87,117393.39,931.33103
1752253200000,117393.38,117745.7,117250,117640,775.16024
1752256800000,117640.01,117734.55,117300,117694.01,408.58924
1752260400000,117694.02,118138.75,117426.58,118108.81,639.64596
1752264000000,118108.81,118108.81,117659.19,117664.46,355.65991
1752267600000,117664.46,117880.01,117471.09,117619.99,279.72136
1752271200000,117619.99,117665.92,117146.8,117615.89,505.97498
1752274800000,117615.88,117677.24,117436.59,117527.66,205.15806
1752278400000,117527.66,117646.97,117141.13,117407.99,392.55028
1752282000000,117407.99,117697.49,117407.99,117644.81,322.02488
1752285600000,117644.8,117800.43,117556,117599.99,319.10692
1752289200000,117599.98,117847.66,117599.97,117774.42,235.13774
1752292800000,117774.42,117876.57,117587,117646.44,231.58516
1752296400000,117646.43,117718.82,117506.37,117689.68,227.7315
1752300000000,117689.68,117981.57,117660,117847.66,309.07591
1752303600000,117847.66,118054.79,117625.63,117731.99,389.30318
1752307200000,117731.99,118000,117724.47,117929.65,426.87947
1752310800000,117929.66,118200,117881.15,118158.78,372.57837
1752314400000,118158.79,118158.79,117870.31,118077.32,360.52166
1752318000000,118077.32,118106.2,117625,117810,299.38516
1752321600000,117810,117861.19,117309.61,117559.97,896.26553
1752325200000,117559.98,117571.61,117238.88,117500,758.24496
1752328800000,117500,117727.26,117315.68,117389.47,449.96682
1752332400000,117389.47,117461.62,116900.05,117100.01,782.91296
1752336000000,117100,117399.77,117045.86,117191.08,282.98905
1752339600000,117191.08,117548.69,117186.81,117478.4,209.00655
1752343200000,117478.4,117509.76,117378.91,117504,161.72998
1752346800000,117504.01,117639.98,117439.72,117550.96,307.8177
1752350400000,117550.96,117550.96,117023.35,117023.36,154.52026
1752354000000,117023.36,117555.5,117000.01,117485.22,207.04733
1752357600000,117485.21,117563.75,117312.04,117385.37,233.15011
1752361200000,117385.38,117460.02,117219.53,117420,117.07289
1752364800000,117420,117458.48,117248.21,117316.1,163.58729
1752368400000,117316.1,117640.61,117224.79,117553.37,236.13001
1752372000000,117553.37,117817.16,117407.94,117620,158.6613
1752375600000,117620,117824.76,117600.81,117753.6,138.03288
1752379200000,117753.59,117892.23,117684.22,117879.22,222.50112
1752382800000,117879.22,117904.75,117700.65,117759.99,150.55904
1752386400000,117759.99,117978.97,117742.31,117888.51,186.7356
1752390000000,117888.51,118054.79,117852,117999,308.18406
1752393600000,117998.99,118006.96,117756.39,117895.78,165.74382
1752397200000,117895.78,117901.34,117689.63,117739.16,151.43307
1752400800000,117739.16,117845.48,117739.16,117747.99,98.78511
1752404400000,117748,118086.66,117747.99,118072.01,269.48693
1752408000000,118072.01,118636.92,117989.53,118432.11,689.7104
1752411600000,118432.11,118750,118154.81,118610.01,736.92273
1752415200000,118610,119376,118353.2,118766.94,1897.939057
1752418800000,118766.94,119124,118532.84,118672.24,566.53213
1752422400000,118672.23,118982.89,118520,118528.01,483.67524
1752426000000,118528,118844.83,118382.56,118699.6,348.79838
1752429600000,118699.6,119070.24,118592.01,118992.73,315.39573
1752433200000,118992.73,119488,118897.44,118961.08,601.53222
1752436800000,118961.09,119367.37,118826,119083.6,290.26988
1752440400000,119083.6,119083.6,118500.01,118648.87,421.07599
1752444000000,118648.86,118774.64,118243.68,118520.01,584.71541
1752447600000,118520.01,119198,118386.55,119086.64,364.38555
1752451200000,119086.65,119470.54,118916.17,119061.4,538.61781
1752454800000,119061.4,119238.1,118905.18,119100.58,349.35207
1752458400000,119100.58,119999,118969.56,119647.88,1311.09415
1752462000000,119647.88,121492.48,119592.7,120750.24,3219.468856
1752465600000,120750.25,121438.27,120557.63,121400,1343.86331
1752469200000,121400,122666,121129,122461.99,2704.498689
1752472800000,122461.99,122465.3,122017.81,122130.99,1146.85917
1752476400000,122130.99,123218,122100,122736.04,1786.579052
1752480000000,122736.04,122769.19,122300,122578,851.02194
1752483600000,122578.01,122582.97,121888.44,121973.74,929.42357
1752487200000,121973.74,122130.65,121628.47,121905.48,742.89705
1752490800000,121905.48,121905.48,121355.55,121467.24,755.99271
1752494400000,121467.23,121945.63,121400.01,121918,930.72081
1752498000000,121918.01,122120,121188,121710.64,1151.85025
1752501600000,121710.64,121990.42,120600,121158.89,1855.94127
1752505200000,121158.88,121176.26,119611.7,119878.23,2109.20019
1752508800000,119878.22,120299.58,119202,120268.87,1443.04559
1752512400000,120268.88,120526.03,119769.4,119896.42,1173.36404
1752516000000,119896.42,120192.73,119632,119644.94,812.38191
1752519600000,119644.93,120103.31,119610.92,119939.41,698.45342
1752523200000,119939.42,120447,119522.72,120167.07,552.37318
1752526800000,120167.06,120244.5,119827.34,120034.98,290.33134
1752530400000,120034.97,120300,119924,120057.01,297.55117
1752534000000,120057.01,120057.01,119766.05,119841.18,274.46733
1752537600000,119841.17,119940.83,119110,119497.92,646.74195
1752541200000,119497.93,119537.22,118352.09,118431.71,1780.21194
1752544800000,118431.71,118855.56,117827.46,118251.05,1830.73981
1752548400000,118251.04,118251.04,116840.01,117148.47,2365.70802
1752552000000,117148.46,117511.33,116250,117480.48,1853.98992
1752555600000,117480.48,117765.4,116962.97,117335.12,1161.25519
1752559200000,117335.12,117335.12,116766,117070.54,1050.33694
1752562800000,117070.54,117270.86,116400,116779.12,1413.2237
1752566400000,116779.13,116862.02,116300,116777.47,1086.30795
1752570000000,116777.47,117224.08,116711.67,116779.99,920.92254
1752573600000,116780,117198.21,116744.48,117016.48,853.89059
1752577200000,117016.49,117161.52,116338.3,117113.98,751.22184
1752580800000,117113.98,117466.52,116417,117204.18,1464.86775
1752584400000,117204.18,118490.71,117157.25,118088.13,2210.06348
1752588000000,118088.13,118458.31,115736.92,116008.19,2687.57274
1752591600000,116008.2,116750,115800,116391.43,2299.77308
1752595200000,116391.43,117800.6,116362.97,117188.01,1624.68167
1752598800000,117188,117538.46,117140,117372.99,995.72856
1752602400000,117373,117380,116019.05,116719.55,1721.15939
1752606000000,116719.55,117204.5,116282.38,116416.07,1053.82399
1752609600000,116416.07,116725.02,116192.27,116419.02,604.23115
1752613200000,116419.01,117600,116350,117553.92,613.20681
1752616800000,117553.91,117868.52,117263.66,117827.74,634.19704
1752620400000,117827.74,117972.86,117500,117758.09,394.60478
1752624000000,117758.08,118178,117425.27,118112.89,622.87077
1752627600000,118112.9,118195,117582.12,117724.29,470.76557
1752631200000,117724.29,117752.87,117017.29,117317.27,578.37446
1752634800000,117317.27,117519.49,117211.25,117482.67,388.69782
1752638400000,117482.67,117700.7,117275.63,117600.92,335.01607
1752642000000,117600.92,118000,117600.92,117869.82,479.8066
1752645600000,117869.82,118285.15,117760,118276.3,372.39644
1752649200000,118276.3,118300,118046.19,118189.25,466.50951
1752652800000,118189.24,118794.64,118113.82,118699.99,858.41533
1752656400000,118700,119200,118693.71,119193.37,766.24927
1752660000000,119193.38,119310.75,118734.53,118736.25,614.40925
1752663600000,118736.24,118912.36,118650,118769.06,419.29991
1752667200000,118769.06,119082.94,118580.36,118613.43,550.40761
1752670800000,118613.43,118920,118181.14,118700.01,927.75357
1752674400000,118700.02,119260,118200,119056.8,1139.36599
1752678000000,119056.81,119794.8,118328.48,119095.76,2233.63925
1752681600000,119095.76,119338.12,118471.38,119291.91,671.3025
1752685200000,119291.91,119700,118963.96,119073.35,654.94744
1752688800000,119073.35,119904.13,118880.27,119512.2,731.25594
1752692400000,119512.2,119668.72,118822.72,119230.16,819.82836
1752696000000,119230.16,119933.89,118943.91,119921.96,606.44397
1752699600000,119921.97,120063.84,119200,119297.64,1094.26323
1752703200000,119297.64,119500,118592.22,118639.34,893.9653
1752706800000,118639.34,118823.5,118420,118630.43,343.92435
1752710400000,118630.44,119158.28,118620.83,118894.33,319.33644
1752714000000,118894.33,119082.88,117683.53,118149.7,854.33514
1752717600000,118149.71,118523.25,118017.06,118330.57,607.84399
1752721200000,118330.58,118356.32,117761.11,118128.8,452.54646
1752724800000,118128.8,118485.4,117959.33,118485.4,389.33546
1752728400000,118485.39,118643.59,118225.54,118587.03,364.79579
1752732000000,118587.03,118772,118341.55,118452.51,592.92659
1752735600000,118452.51,118556.45,117857.03,118311.75,733.57599
1752739200000,118311.75,118424.28,118082.99,118330.93,416.84953
1752742800000,118330.93,119192,118242.26,118769.34,734.00895
1752746400000,118769.34,118869.73,118241.24,118340.01,402.69694
1752750000000,118340,118398.82,117974.99,117995,488.32774
1752753600000,117995,118183.74,117453.57,117867.08,1041.93489
1752757200000,117867.08,118446.19,117520.6,118281.99,846.07215
1752760800000,118281.99,118834.2,118141.47,118770.94,695.28925
1752764400000,118770.94,119073.46,118334.34,118881.99,592.49854
1752768000000,118881.99,118954.66,118333.6,118558.61,550.68619
1752771600000,118558.61,119328.89,118500,119261.5,555.62392
1752775200000,119261.51,119780.67,119211.94,119580,689.15184
1752778800000,119580,119880.13,118821.06,118959.66,638.4785
1752782400000,118959.66,119436.87,118383.97,119436.86,583.39954
1752786000000,119436.86,120998.71,119431.93,120272.19,1869.7935
1752789600000,120272.19,120693.35,119485.71,119766.71,695.69871
1752793200000,119766.7,119879.35,119170.52,119177.56,613.37046
1752796800000,119177.56,119786.52,119020.48,119739.06,492.21525
1752800400000,119739.06,120785.49,119644.21,120336.88,1117.34665
1752804000000,120336.88,120399.04,119869.97,120096.43,585.26308
1752807600000,120096.42,120478.83,119949.28,120223.09,478.04437
1752811200000,120223.08,120486.29,119750,120403.4,535.70911
1752814800000,120403.4,120635.97,120210.02,120589.95,806.90934
1752818400000,120589.94,120820.71,120075.04,120251,876.24559
1752822000000,120251,120386.27,119287.72,119339.51,1430.3153
1752825600000,119339.51,119469.21,118395,118642.01,1456.19404
1752829200000,118642.02,118974.99,118442.84,118875.01,960.39557
1752832800000,118875.01,119259.98,118502.7,119250.72,893.61085
1752836400000,119250.72,119281.93,118772.4,119171.34,504.29437
1752840000000,119171.35,119531.48,119145.84,119442.44,580.75482
1752843600000,119442.43,119442.44,118500,118773.38,1270.18453
1752847200000,118773.38,119242.63,117315.69,118139.99,2133.86458
1752850800000,118139.99,118265.96,117480,117860.25,1035.97451
1752854400000,117860.24,118054.92,117479.92,117553.42,743.90949
1752858000000,117553.41,117996.49,117377,117600.01,466.84347
1752861600000,117600.01,117723.11,117235,117310.72,633.76775
1752865200000,117310.72,117874,117120.53,117374.76,720.06492
1752868800000,117374.75,117539.51,116812.76,117405,971.31857
1752872400000,117404.99,117879.9,117368.01,117676.82,398.26546
1752876000000,117676.81,117962.09,117402.25,117683.71,397.4577
1752879600000,117683.71,118021.62,117455.94,117924.84,435.71334
1752883200000,117924.84,118028.86,117714.85,117739.7,314.9014
1752886800000,117739.7,118109.95,117613.35,118036.73,286.4576
1752890400000,118036.74,118297.72,117935,118201.03,339.10664
1752894000000,118201.04,118371.42,118123.6,118322.54,382.53888
1752897600000,118322.53,118364,118096.89,118134.83,245.36594
1752901200000,118134.83,118289.43,118044.19,118205.98,257.94833
1752904800000,118205.98,118261.7,118065.8,118164.42,162.98805
1752908400000,118164.42,118326.8,118156.32,118163.06,162.42311
1752912000000,118163.07,118265.95,117943.25,118101.82,259.81389
1752915600000,118101.83,118328,118069.22,118244.3,201.68294
1752919200000,118244.3,118479.34,118180.36,118440.38,392.75678
1752922800000,118440.39,118499.9,118166.39,118327.06,269.17371
1752926400000,118327.05,118327.06,118099.46,118242.04,323.90381
1752930000000,118242.04,118317.42,118086,118188.14,280.81512
1752933600000,118188.15,118229.8,117627.71,117668.14,707.8297
1752937200000,117668.14,118240.01,117661.04,118058.11,344.11867
1752940800000,118058.1,118161.51,117850,117973.99,202.06426
1752944400000,117974,117984.68,117741.93,117808.17,192.03328
1752948000000,117808.17,118028,117761.58,117859.1,127.41782
1752951600000,117859.1,118141,117605.26,118007.88,258.76097
1752955200000,118007.88,118141,117708.55,117720.01,212.75326
1752958800000,117720,117836.56,117277.34,117705.82,417.75569
1752962400000,117705.81,117850.14,117529.44,117792.98,169.57842
1752966000000,117792.98,117935.76,117738.63,117840,123.61479
1752969600000,117840.01,117996.49,117650,117942.31,137.64118
1752973200000,117942.31,118131.2,117900.72,117941.25,244.5789
1752976800000,117941.25,118006.37,117766.42,117970.49,319.10411
1752980400000,117970.5,118165.38,117706.9,117958.01,514.71198
1752984000000,117958,118127.39,117900,117949.98,209.68915
1752987600000,117949.99,117976.36,117800,117846.91,262.71011
1752991200000,117846.92,117884.29,117760.67,117824.48,128.67886
1752994800000,117824.49,118218,117824.48,118029.49,339.64911
1752998400000,118029.49,118255.14,118000,118151.14,659.2723
1753002000000,118151.15,118277.17,117886.51,117913.11,427.04081
1753005600000,117913.12,117993.86,117876.42,117888.21,342.66508
1753009200000,117888.21,118081.66,117819.88,117878.46,371.30411
1753012800000,117878.46,118169.36,117723.23,118085.43,1364.32398
1753016400000,118085.43,118422.57,118085.42,118417.35,635.77922
1753020000000,118417.35,118799.8,118277.77,118468.41,858.70947
1753023600000,118468.41,118775.85,118347.38,118671.11,421.29202
1753027200000,118671.12,118856.8,118465,118557.78,586.79687
1753030800000,118557.77,118557.78,117960,118018.69,611.1576
1753034400000,118018.7,118448.2,118018.7,118361.79,651.93273
1753038000000,118361.8,118563.93,118155,118155.01,269.24086
1753041600000,118155,118263,117852.72,118087.67,459.44638
1753045200000,118087.67,118153.88,117830.2,117997.88,339.24007
1753048800000,117997.87,118040,116467.02,117479.93,2198.48268
1753052400000,117479.92,117556.93,116955.94,117265.12,609.48131
1753056000000,117265.11,117352.06,116515,117352.06,857.45207
1753059600000,117352.05,117441.62,116775.95,117305.86,496.20828
1753063200000,117305.86,118183.93,117305.86,118183.92,687.53225
1753066800000,118183.92,118614.7,118131.75,118404,753.42903
1753070400000,118404.01,118634.57,118282.25,118331.61,405.68153
1753074000000,118331.62,118430.24,118188.95,118430.22,471.56768
1753077600000,118430.22,119241.57,118290.24,119169.25,1099.23474
1753081200000,119169.26,119676.73,119162.62,119362.67,807.18244
1753084800000,119364.18,119500,118854.9,119016.83,700.59303
1753088400000,119016.84,119086.05,118527.12,118690.05,373.46118
1753092000000,118690.05,118820,118344,118578.14,677.30519
1753095600000,118578.14,118798.2,118070.16,118070.17,760.53044
1753099200000,118070.17,118590,117778.7,118172.82,742.548
1753102800000,118172.82,119100,117888.25,118834,1080.14384
1753106400000,118834,119233.71,118432,118828.99,1012.98942
1753110000000,118828.99,119119.59,118270,118313.16,669.70168
1753113600000,118313.16,118399.1,117500,117738.44,1307.79158
1753117200000,117738.44,118093.13,117321.84,117847.82,692.69059
1753120800000,117847.83,118213.24,117100,117162.28,666.85458
1753124400000,117162.28,117521.01,116666,116767.67,1149.65254
1753128000000,116767.67,117252,116656.88,116939.4,697.73214
1753131600000,116939.4,117371.99,116879.1,117215.25,403.94845
1753135200000,117215.25,117633.66,117117.85,117348.96,307.79739
1753138800000,117348.97,117508.25,117107.03,117380.36,285.30321
1753142400000,117380.36,117524.07,117012.29,117123.69,512.7688
1753146000000,117123.68,117950,116128,117750.01,1747.33705
1753149600000,117750.01,117800,116969.67,117027.81,641.70987
1753153200000,117027.81,117271.32,116683.93,117210,805.64841
1753156800000,117210,117357.21,116555,116555.01,1108.40285
1753160400000,116555.01,117346.17,116552.18,117329.27,706.3125
1753164000000,117329.28,117847.77,117275.47,117847.26,782.21261
1753167600000,117847.26,118594.55,117780,117983.68,1682.91379
1753171200000,117983.69,118345,117488.19,118289.99,931.64911
1753174800000,118290,118656,117873.42,118399.09,867.84135
1753178400000,118399.09,118956,118302.01,118955.99,608.10463
1753182000000,118955.99,119188.3,118784,119154.99,969.19626
1753185600000,119154.99,119419.74,119037.02,119293.7,896.31634
1753189200000,119293.7,119573.53,118034.63,118147.82,1663.45612
1753192800000,118147.83,119140.14,117550,119060,1271.80822
1753196400000,119060.01,119177.53,118690.38,118912.04,765.65863
1753200000000,118912.04,119350.01,118626.35,118681.26,608.5666
1753203600000,118681.25,119213,118368.19,119199.39,444.47061
1753207200000,119199.39,120183.96,119044.06,119733.69,1310.2716
1753210800000,119733.7,119914.97,119097.6,119282.1,704.31973
1753214400000,119282.11,119901.88,119203.2,119703.28,539.53916
1753218000000,119703.29,119770.84,119400,119400,239.71174
1753221600000,119400,120035.29,119385.21,119844.23,608.63065
1753225200000,119844.23,120247.8,119835.56,119954.42,542.2831
1753228800000,119954.43,120090,119500.29,119546.56,373.25447
1753232400000,119546.56,119666.04,119379.63,119488.22,386.63831
1753236000000,119488.21,119531.29,118983.34,119090.73,754.14191
1753239600000,119090.73,119116.68,118532.96,118614.17,554.08458
1753243200000,118614.16,118996.01,118576.38,118996,301.65112
1753246800000,118996.01,119006.05,118615.97,118645.04,468.54694
1753250400000,118645.04,118717.12,118329.04,118417.99,401.51312
1753254000000,118417.99,118592.39,118288.2,118350.35,392.52237
1753257600000,118350.35,118552,118222.71,118423.21,415.94192
1753261200000,118423.21,118457.86,117910.66,118040,501.38076
1753264800000,118040.01,118379.74,117844.24,118372.12,510.46248
1753268400000,118372.13,118619.79,118160,118538.46,373.31825
1753272000000,118538.46,118655,117799.87,117980.7,730.54489
1753275600000,117980.69,118199.89,117330,117381.44,1612.8477
1753279200000,117381.44,118205,117301,118204.99,952.15862
1753282800000,118204.99,118708.24,117823.21,118567.39,741.63721
1753286400000,118567.39,118567.39,117561.23,117712.53,803.50351
1753290000000,117712.53,118136.46,117331.63,118131.99,856.62881
1753293600000,118131.99,118387.85,117998.9,118379.45,514.88794
1753297200000,118379.44,118466.69,118218.12,118393.64,476.80341
1753300800000,118393.64,118498.76,117559.91,117900,625.02001
1753304400000,117900,118181.36,117381.8,118181.36,644.9173
1753308000000,118181.75,118630.39,117937.47,118568.99,553.07391
1753311600000,118568.99,118756,118421.86,118755.99,613.27129
1753315200000,118756,119138.57,118571.17,119060,647.45883
1753318800000,119060.01,119100,118787.32,119094.4,299.18389
1753322400000,119094.4,119094.4,118808.44,118960.6,290.68089
1753326000000,118960.6,119273.36,118466.71,118488.92,640.95973
1753329600000,118488.92,118610.25,117830,117941.86,760.33077
1753333200000,117941.86,117953.72,117500,117604.55,902.71116
1753336800000,117604.54,117855,117380.03,117466.81,933.69554
1753340400000,117466.81,118473.62,117103.1,118416.21,1190.19498
1753344000000,118416.21,118811.09,118224.76,118775.28,827.24635
1753347600000,118775.29,118814.47,118300.53,118507.08,476.62912
1753351200000,118507.07,118648.53,117955.59,118373.99,531.255
1753354800000,118374,118739.13,118297.56,118600,569.02762
1753358400000,118600,118728.33,118281.12,118531.42,776.17409
1753362000000,118531.43,118727.53,118220,118227.48,630.03049
1753365600000,118227.48,119109.74,117832.32,119057.11,1286.22387
1753369200000,119057.12,119450,118614.84,119092.65,1446.86371
1753372800000,119092.65,119190.41,118350,118529.97,870.59406
1753376400000,118529.97,119307.43,118481.7,119122.94,402.20867
1753380000000,119122.95,119395.81,118960.27,119044.29,426.58619
1753383600000,119044.29,119343.97,118900.02,118943.42,467.4377
1753387200000,118943.42,119010.64,118722.02,118722.02,271.81117
1753390800000,118722.03,118790.44,118487.2,118527.52,211.57104
1753394400000,118527.51,118626.09,118186.57,118280.01,387.73703
1753398000000,118280,118450.24,118166.94,118340.99,560.27853
1753401600000,118340.98,118451.57,117652.85,117664.56,992.03849
1753405200000,117664.55,117802.04,117231,117359.26,2379.32463
1753408800000,117359.27,117396.96,116353.66,116353.67,3274.41246
1753412400000,116353.67,116428.55,115330.86,115419.66,4481.42935
1753416000000,115419.65,116144.63,115115,116102.7,2028.74795
1753419600000,116102.71,116102.71,115263.54,115500,1990.02649
1753423200000,115500,115511.54,115200,115284.25,2030.76329
1753426800000,115284.25,115946.26,114723.16,115320.01,2785.7139
1753430400000,115320.01,115980.82,115008.85,115202.55,3646.45319
1753434000000,115202.55,116033.46,115020.59,116033.44,1501.26322
1753437600000,116033.44,116487.5,115990.09,116308.48,927.16868
1753441200000,116308.48,116782.13,116308.48,116543.58,1141.32627
1753444800000,116543.59,116656.99,115963.97,116105.96,1288.03796
1753448400000,116105.96,116600,115564.75,116216.27,1802.0313
1753452000000,116216.27,116286.87,114908,114960.01,2025.1148
1753455600000,114960.01,115846.39,114916.48,115727.08,1246.60929
1753459200000,115727.07,116214.88,115455.46,116185.32,941.06562
1753462800000,116185.31,116345.74,115871.8,116042.5,679.50606
1753466400000,116042.51,116568.73,116042.5,116491.53,629.2576
1753470000000,116491.53,116997.21,116405.7,116688.6,839.57954
1753473600000,116688.6,117306,116578.02,117040.01,737.6538
1753477200000,117040.01,117377.59,116956,117214.23,418.42958
1753480800000,117214.23,117343.89,117102.3,117279.97,248.88589
1753484400000,117279.97,117630,117186.83,117614.31,371.50937
1753488000000,117614.31,117614.32,117330.24,117496,388.41101
1753491600000,117496,117550.9,117138.38,117153.73,266.66811
1753495200000,117153.74,117750,117153.73,117469,391.82574
1753498800000,117469.01,117603,117462.64,117489.62,175.33791
1753502400000,117489.61,117547.92,117396.95,117496.81,182.72574
1753506000000,117496.8,117541.19,117419.83,117444.99,155.81148
1753509600000,117444.99,117458,117320,117350.71,213.86521
1753513200000,117350.71,117382.76,117304.46,117304.47,454.07762
1753516800000,117304.47,117615.12,117304.46,117557.14,259.96197
1753520400000,117557.14,117617.65,117458,117570.6,190.39173
1753524000000,117570.6,118217.45,117545.1,117971.93,749.16688
1753527600000,117971.94,118072.41,117776.1,117776.11,349.789
1753531200000,117776.1,117990,117772.13,117914.17,171.77445
1753534800000,117914.16,118220,117855.15,118125.24,341.83674
1753538400000,118125.24,118210.85,117956,118064.99,355.21897
1753542000000,118064.99,118142.87,117818.2,118130.1,434.76718
1753545600000,118130.1,118188.97,118011,118081.18,351.27128
1753549200000,118081.19,118090,117990,118039.98,139.66952
1753552800000,118039.99,118099.99,117941.96,118095.15,195.55155
1753556400000,118095.16,118297.35,118040,118232.11,364.90102
1753560000000,118232.11,118232.12,117883.86,117956.32,249.16255
1753563600000,117956.32,118068,117888.2,118028.56,149.87446
1753567200000,118028.56,118276.66,117978,118007.02,289.29406
1753570800000,118007.03,118048.19,117890,117919.99,170.31788
1753574400000,117919.99,117961.89,117825.5,117952,131.17257
1753578000000,117951.99,118190,117920,118102,291.9617
1753581600000,118102,118358.18,118021.85,118309.99,398.69577
1753585200000,118309.99,118309.99,118080.92,118182.83,185.67692
1753588800000,118182.83,118272.43,118149.19,118215.1,180.57499
1753592400000,118215.09,118300,118160.84,118274.73,261.59962
1753596000000,118274.73,118438.83,118197.71,118263.4,218.37982
1753599600000,118263.4,118263.4,118066.74,118095.95,147.6577
1753603200000,118095.95,118129.75,117950.47,117950.47,201.29673
1753606800000,117950.47,117999.91,117859.98,117943.92,195.86439
1753610400000,117943.92,118292.86,117943.92,118184.92,257.644
1753614000000,118184.92,118255.32,118050,118072.71,181.16448
1753617600000,118072.71,118111.34,117890,118097.39,298.94425
1753621200000,118097.39,118217.6,118085.87,118201.99,217.84311
1753624800000,118201.99,118499,118149.96,118422.16,467.70923
1753628400000,118422.16,118588,118236.84,118585.74,601.55506
1753632000000,118585.75,119540.01,118585.75,119090.45,2270.02899
1753635600000,119090.46,119334.88,118855.58,119196.69,652.20986
1753639200000,119196.68,119372.87,118942.9,119021.33,339.99317
1753642800000,119021.33,119073.91,118895.09,118960,156.14032
1753646400000,118960.01,119169.97,118713.74,118754.13,284.59066
1753650000000,118754.13,119270.15,118724,119265.76,238.52881
1753653600000,119265.75,119766.65,119228.56,119495.17,773.18425
1753657200000,119495.16,119528.47,119119.53,119415.55,375.89279
1753660800000,119415.56,119690.32,119126.09,119236.72,466.02933
1753664400000,119236.72,119480,118960.5,119037.77,475.77219
1753668000000,119037.77,119800,119021.11,119434.14,578.13763
1753671600000,119434.14,119521.03,119234.37,119287.99,304.59253
1753675200000,119287.99,119423.58,119128.46,119218.05,341.10705
1753678800000,119218.06,119701.07,119138.24,119526.13,787.5627
1753682400000,119526.13,119600,119440,119448.02,349.57844
1753686000000,119448.03,119448.03,118774.31,118900,881.81401
1753689600000,118900.01,119102.69,118777.98,119072.45,558.77409
1753693200000,119072.45,119072.45,118704.01,118930.87,367.39295
1753696800000,118930.88,118953.52,118620.22,118764.53,360.71138
1753700400000,118764.54,118873.78,118475.47,118827.49,773.30378
1753704000000,118827.49,119093.68,118783.85,118845.24,779.03242
1753707600000,118845.23,119085.79,118234.28,118434.78,1098.91827
1753711200000,118434.77,118685.02,117895.73,117985.93,1300.98009
1753714800000,117985.94,118500,117907,118174.9,613.6795
1753718400000,118174.89,118376.61,118003.55,118028.88,472.32021
1753722000000,118028.89,118112.24,117653.39,117667.86,789.85169
1753725600000,117667.86,117856.37,117427.5,117776.56,670.47028
1753729200000,117776.56,118244.46,117542.45,118068.73,642.91309
1753732800000,118068.73,118162.17,117500.09,118044.93,399.93343
1753736400000,118044.93,118350.01,117951.12,118106.9,334.38901
1753740000000,118106.89,118266.06,117762.51,117854.35,370.20373
1753743600000,117854.34,118172.37,117814.64,118062.32,244.27974
1753747200000,118062.32,118450,117539.68,117979.8,548.35859
1753750800000,117979.8,118247.62,117774.15,117774.16,264.65387
1753754400000,117774.15,118102.79,117450,118095.6,550.84159
1753758000000,118095.59,118800,118095.59,118764.85,879.02363
1753761600000,118764.85,118799.99,118416.66,118533.93,441.70806
1753765200000,118533.93,118852,118527.77,118800,475.07739
1753768800000,118799.99,119061.68,118731.74,118764.85,664.6105
1753772400000,118764.86,119273.36,118750.87,118882.37,998.59676
1753776000000,118882.37,119051,118764.86,118923.8,302.76278
1753779600000,118923.81,118985,118758.98,118784.79,385.26308
1753783200000,118784.8,118828.01,118300,118317.75,697.30138
1753786800000,118317.74,118592.39,118160.87,118592.38,577.62627
1753790400000,118592.38,119080.81,118450,118906.85,787.26429
1753794000000,118906.85,119029.54,118527.01,118621.27,657.45227
1753797600000,118621.27,118635.58,117701,117823.67,1328.2906
1753801200000,117823.66,117955.39,117272,117400.01,1400.94922
1753804800000,117400.02,117758.13,116950.75,117739.03,1125.1565
1753808400000,117739.03,118057.05,117629.99,117773.69,512.49259
1753812000000,117773.69,117824.59,117482.4,117606.72,260.60632
1753815600000,117606.74,118000,117420,117525.29,542.80793
1753819200000,117525.28,117871.39,117094.96,117514.28,823.80047
1753822800000,117514.49,117701.1,117190.83,117606.79,470.68677
1753826400000,117606.79,117860,117459.04,117848.03,239.80039
1753830000000,117848.03,118000,117729.8,117950.76,202.8032
1753833600000,117950.75,117995.98,117538.15,117744.77,246.31499
1753837200000,117744.78,118012.78,117412.53,117862.05,234.85179
1753840800000,117862.05,118119,117796.14,118024.11,330.69294
1753844400000,118024.1,118250,117905.61,118161.87,414.52534
1753848000000,118161.86,118275.18,117963.65,117993.52,266.35002
1753851600000,117993.52,118080,117667.33,117992.26,269.77024
1753855200000,117992.26,118326.56,117992.25,118287.31,396.72321
1753858800000,118287.31,118412.11,118118,118123.01,299.24616
1753862400000,118123,118481.81,117939.99,118372.73,466.68398
1753866000000,118372.73,118427.98,117985.98,118164.08,298.15038
1753869600000,118164.08,118471.69,117928.13,118020.18,816.03502
1753873200000,118020.17,118184,117358.84,117579.99,647.14857
1753876800000,117579.99,117909.01,117358.84,117739.02,676.38941
1753880400000,117739.02,117888,117415.62,117675.79,901.27996
1753884000000,117675.78,118728.15,117610.93,118714.35,1103.46809
1753887600000,118714.35,118792,117834.24,118000.01,1113.77866
1753891200000,118000.01,118021.88,117635.3,117734.8,710.50243
1753894800000,117734.8,117940,117650,117802.1,591.37855
1753898400000,117802.11,118037.18,116509.47,116523.14,1846.61677
1753902000000,116523.15,117123.8,115796.23,116916.73,2572.65277
1753905600000,116916.73,117325.94,116880.64,117175.71,515.7628
1753909200000,117175.72,117336.34,116955.64,117326.82,214.49198
1753912800000,117326.82,117497.17,117253.73,117486.49,316.24088
1753916400000,117486.48,117908.4,117460,117840.3,337.68137
1753920000000,117840.29,118542.39,117781.87,118415.8,800.0686
1753923600000,118415.8,118456.46,117992.71,118055.32,463.81141
1753927200000,118055.32,118520.32,117981.02,118447.52,585.37259
1753930800000,118447.52,118600,118385,118466.14,458.32072
1753934400000,118466.15,118550,118364.13,118511.53,359.32077
1753938000000,118511.52,118540,118331.63,118362,277.83295
1753941600000,118362.01,118725.59,118287.63,118691.78,552.35653
1753945200000,118691.79,118922.45,118604.22,118665.97,718.45709
1753948800000,118665.98,118770.07,118568.46,118593.94,310.28437
1753952400000,118593.95,118617.96,118467.65,118605.58,248.44101
1753956000000,118605.58,118719.42,118435.72,118505.02,285.13996
1753959600000,118505.02,118560,118278.91,118371.25,446.34097
1753963200000,118371.25,118645.1,118285.14,118626.18,435.85485
1753966800000,118626.19,118702.1,117807.35,118557.01,806.82751
1753970400000,118557.01,118660.17,117901.68,117913.18,1043.63162
1753974000000,117913.19,118351,117894.99,118306.18,1170.96697
1753977600000,118306.18,118879.14,118242.39,118538.53,876.32003
1753981200000,118538.53,118557.71,117702.42,117728,1032.83499
1753984800000,117728,117998.38,117400,117658.8,946.75341
1753988400000,117658.81,117762.05,116763.43,116785.79,1372.31175
1753992000000,116785.78,116990.04,116450,116514,975.87757
1753995600000,116514,116909.67,116228.77,116536.96,742.76679
1753999200000,116536.96,116536.97,116010,116010.6,834.08855
1754002800000,116010.6,116362.99,115500,115764.08,1266.02629
1754006400000,115764.07,115933,114313.13,115427.27,2526.88761
1754010000000,115427.27,115609.99,114600,115331.86,1656.04021
1754013600000,115328.67,116019.3,115221.07,115966.12,704.95562
1754017200000,115966.11,116052,115613.21,115648.03,552.44227
1754020800000,115648.03,115699.58,115266.64,115695.52,571.24791
1754024400000,115695.53,115916.43,115385.92,115568,511.19199
1754028000000,115568,115658.09,115065.55,115156.51,629.39718
1754031600000,115156.52,115300,114633.18,115081.77,1240.67026
1754035200000,115081.76,115081.76,114116,114615.99,1432.56065
1754038800000,114615.98,115340,114555.41,114938.67,848.20925
1754042400000,114938.66,115203.13,114710.02,114762.58,563.088
1754046000000,114762.58,115336.98,114602.4,115305.65,494.67127
1754049600000,115305.64,115900,115142.62,115732.48,1062.63539
1754053200000,115732.48,116019.3,114172,114352.05,1584.07705
1754056800000,114352.04,115831.28,113988.47,115619.8,1808.99
1754060400000,115619.8,115645.57,114676.03,115357.82,870.26042
1754064000000,115357.82,115695.52,114817.81,115015.6,703.92463
1754067600000,115015.6,115096.93,114345,114420,956.24887
1754071200000,114420,114496.59,113669.01,113836.93,1180.88823
1754074800000,113836.92,113922.47,113221.93,113328.68,1294.41329
1754078400000,113328.67,113980,113168.22,113951.09,957.20378
1754082000000,113951.1,114094.08,113700,113892.12,429.29775
1754085600000,113892.11,114010.82,112722.58,113141.05,1368.89305
1754089200000,113141.05,113560.46,112908.54,113297.93,538.90738
1754092800000,113297.92,113844.16,113198.63,113822.97,564.28406
1754096400000,113822.97,113909.3,113420.76,113674.24,353.21281
1754100000000,113674.23,113766.43,113534.3,113702.24,231.27114
1754103600000,113702.24,113921.94,113702.24,113909.86,274.2046
1754107200000,113909.87,114057.27,113820,114025.75,276.30204
1754110800000,114025.76,114063.49,113855.01,113981.06,316.01705
1754114400000,113981.07,113981.07,113469.43,113697.85,738.65234
1754118000000,113697.85,114021,113556.19,113982.49,343.41858
1754121600000,113982.49,114040.29,113676.81,113682.01,340.52067
1754125200000,113682.01,113852,113572.19,113690.7,257.96721
1754128800000,113690.71,113704,113425.58,113550.89,298.16298
1754132400000,113550.89,113914.25,113451.77,113787.12,238.71141
1754136000000,113787.11,113787.12,113564.99,113620.01,343.54746
1754139600000,113620.01,113630,113218,113457.85,451.43917
1754143200000,113457.86,113530,112939.39,113099.89,592.6822
1754146800000,113099.9,113420,112802.31,112840.71,535.05988
1754150400000,112840.7,113261.16,112700.07,113200.25,635.18022
1754154000000,113200.25,113420,112584.23,112724.03,549.02438
1754157600000,112724.04,112920,112099.22,112327.65,1222.82947
1754161200000,112327.65,112945.62,112003,112229.42,1007.67252
1754164800000,112229.42,112780,112069.86,112780,524.00327
1754168400000,112780,113058.82,112562.02,112859.32,390.78856
1754172000000,112859.32,113011.63,112555,112862.14,295.9162
1754175600000,112862.14,112873.83,112280.86,112546.35,726.46606
1754179200000,112546.35,112992.27,111920,112956.04,821.53565
1754182800000,112956.04,113269.92,112841.46,113107.99,481.50444
1754186400000,113107.99,113517.58,113100,113517.58,450.43769
1754190000000,113517.58,113740.69,113419.45,113604.2,353.06632
1754193600000,113604.2,113604.2,113341.06,113468.41,237.62179
1754197200000,113468.41,113659,113408.22,113618.52,203.79543
1754200800000,113618.52,113636.5,113472.54,113559.34,147.54012
1754204400000,113559.34,113720.16,113559.34,113700,175.31963
1754208000000,113700,113790,113551,113692,282.38474
1754211600000,113692.01,113710.51,113630.3,113654.95,234.09945
1754215200000,113654.95,113900,113654.94,113899.99,181.60816
1754218800000,113899.99,114260.31,113861.18,113862.18,562.11642
1754222400000,113862.19,114098.45,113656.4,114009.99,337.34488
1754226000000,114010,114095.35,113803,113939,257.53926
1754229600000,113939,114065.54,113579.69,113792.28,320.16676
1754233200000,113792.29,113966,113674.05,113959.06,216.51596
1754236800000,113959.06,114026.82,113775.55,113995.16,246.66079
1754240400000,113995.15,114165.09,113953.97,114117.42,198.95641
1754244000000,114117.42,114460.15,114060.36,114380.4,361.64858
1754247600000,114380.41,114799.97,114259.95,114313.19,447.69931
1754251200000,114313.19,114467,114163.49,114423.77,200.81959
1754254800000,114423.77,114521.68,114363.46,114435.47,223.44858
1754258400000,114435.46,114612.24,114066.56,114324.83,237.81327
1754262000000,114324.84,114500,114176,114208.8,218.11723
1754265600000,114208.81,114914.29,114107.6,114899.87,508.31725
1754269200000,114899.86,115000,114620.14,114671.96,423.44241
1754272800000,114671.96,114877.98,114418.68,114797.9,351.22547
1754276400000,114797.9,114799,114527.73,114570.61,242.02073
1754280000000,114570.61,114653.51,114345.74,114383.55,269.38623
1754283600000,114383.54,114418.75,114188,114391.26,265.57526
1754287200000,114391.26,114482.49,114148.58,114423.76,331.16254
1754290800000,114423.77,114778.5,114402.45,114652.97,355.14904
1754294400000,114652.98,114750,114360.99,114546.25,411.15429
1754298000000,114546.25,114744.2,114302.29,114325.92,278.67574
1754301600000,114325.92,114506.16,114234.58,114251.83,264.56078
1754305200000,114251.83,114517.55,114217.97,114493.09,234.25413
1754308800000,114493.09,114535.48,114327.95,114444.36,221.8459
1754312400000,114444.36,114913.89,114121,114913.88,839.66562
1754316000000,114913.89,115466,114652.96,114736.78,1386.32387
1754319600000,114736.78,115022.97,114560.33,114826,437.62587
1754323200000,114826.01,115405.22,114826,115301,612.68493
1754326800000,115301,115720,115148.08,115193.41,546.48208
1754330400000,115193.41,115312.76,114913.88,114957.64,298.66935
1754334000000,114957.63,115134.46,114732.65,114777.62,385.27982
1754337600000,114777.62,115076.34,114616.33,114811.96,363.41688
1754341200000,114811.95,115258.62,114810.75,115111.09,229.85173
1754344800000,115111.09,115325.88,115086.72,115325.88,225.85251
1754348400000,115325.88,115340,115046.67,115055.03,185.05673
1754352000000,115055.03,115127.81,114840,114886.96,347.41151
1754355600000,114886.97,115046.68,114695.18,114708.11,309.55292
1754359200000,114708.11,114827.79,114614.94,114719.27,238.27103
1754362800000,114719.27,114737.82,114256.85,114256.85,503.68849
1754366400000,114256.85,114426.65,114149.95,114338.06,577.56577
1754370000000,114338.07,114487.25,114239.87,114405.99,337.63342
1754373600000,114406,114500.66,114105.71,114178.63,389.84213
1754377200000,114178.64,114395.3,113725.72,113969.7,820.50191
1754380800000,113969.7,114540,113928.87,114281.09,460.31877
1754384400000,114281.09,114792.72,114281.08,114694.76,482.30599
1754388000000,114694.76,115096.73,114586.73,114841.27,438.67573
1754391600000,114841.28,114972,114750,114827.07,212.26183
1754395200000,114827.07,114893.13,113500.01,113937.35,935.92869
1754398800000,113937.35,114573.17,113868,114381.43,634.93972
1754402400000,114380.75,114386.37,112650,113037.12,2125.43779
1754406000000,113037.12,113249.11,112692.3,112934,894.1622
1754409600000,112934,113367.31,112815.68,113175.73,505.57628
1754413200000,113175.73,113661.96,113096,113640.01,359.20465
1754416800000,113640.01,113653.93,113261.79,113644.71,313.62971
1754420400000,113644.72,113763.27,113407.35,113616.52,256.1101
1754424000000,113616.51,113989.97,113494.47,113690.71,242.46818
1754427600000,113690.71,113862.45,113569.07,113606.53,183.41893
1754431200000,113606.52,113989.4,113304,113961.25,268.24607
1754434800000,113961.25,114228.88,113918.4,114129.75,205.63896
1754438400000,114129.75,114139.38,113748.67,113879.7,295.3476
1754442000000,113879.69,113945.14,113588.77,113821.21,292.50885
1754445600000,113820.77,113833.88,113491.76,113623.22,206.78627
1754449200000,113623.23,113658.13,113400,113509.97,266.89492
1754452800000,113509.98,113582.71,113355.13,113429.21,248.98133
1754456400000,113429.21,114417.02,113384.81,114148.01,602.70557
1754460000000,114148.01,114200,113933.23,114084.93,265.65128
1754463600000,114084.92,114300,114019.66,114227.91,319.69253
1754467200000,114227.9,114250,113727.57,113948.22,382.35629
1754470800000,113948.23,114368.31,113906.96,114093.15,340.97337
1754474400000,114093.15,114226.69,113899.2,114067.2,335.97303
1754478000000,114067.2,114404.23,114007.85,114226.69,220.99495
1754481600000,114226.68,114333.59,113809.02,113914.31,306.06988
1754485200000,113914.31,114390.88,113579.9,114270.09,671.195
1754488800000,114270.09,115200,113869.88,115187.96,1041.66895
1754492400000,115187.96,115515.09,114832.38,115413.87,1490.7463
1754496000000,115413.87,115477.06,114942.18,115132.49,642.38859
1754499600000,115132.49,115514.28,115024,115500,392.98209
1754503200000,115500,115716,115301.27,115423.22,479.34282
1754506800000,115423.23,115525.48,115118.8,115259.99,213.24559
1754510400000,115260,115260,114987.68,115045.64,210.50571
1754514000000,115045.65,115221.14,114793.01,115048.78,185.66057
1754517600000,115048.77,115210.95,115039.14,115106.67,165.26512
1754521200000,115106.66,115122.34,114963.2,114992.27,183.21657
1754524800000,114992.27,115015.82,114856.15,114890.65,163.37387
1754528400000,114890.66,115185.58,114580.53,114763.46,404.60721
1754532000000,114763.47,114859,114404.22,114565.28,452.19409
1754535600000,114564.76,114624.3,114404.7,114546.03,172.73916
1754539200000,114546.03,114648,114259,114349.58,270.06529
1754542800000,114349.58,114568.74,114278.02,114568.73,404.27424
1754546400000,114568.74,114784,114511.96,114650.01,387.25216
1754550000000,114650.01,114876.79,114640.03,114787.99,229.36946
1754553600000,114787.99,115179.99,114787.98,114948.74,302.6219
1754557200000,114948.74,115077.37,114844.78,115062.19,216.94309
1754560800000,115062.19,116430.01,115038.06,116347.22,1912.68886
1754564400000,116347.23,116828.93,116347.23,116519.53,1265.855
1754568000000,116519.54,116588.02,116035.84,116390,797.0617
1754571600000,116390.01,116741.05,116200,116640,668.99023
1754575200000,116640.01,116680,116204.32,116363.16,793.48345
1754578800000,116363.16,116791.11,116240,116689.81,487.19639
1754582400000,116689.8,116748.66,115632.31,116259.24,767.87711
1754586000000,116259.24,116560,116120,116511.54,505.06396
1754589600000,116511.55,116573.36,116123.72,116561.05,422.06821
1754593200000,116561.05,117520,116488,117461.98,1040.61628
1754596800000,117461.99,117496.05,117140.32,117182.19,510.82309
1754600400000,117182.19,117354.21,117012,117105.78,337.78727
1754604000000,117105.77,117621,117079.39,117554.23,676.81999
1754607600000,117554.23,117579.98,117292.88,117472.01,278.79062
1754611200000,117472.02,117630,116870.21,117264.12,806.35514
1754614800000,117264.11,117264.12,116786.43,116888.02,659.33735
1754618400000,116888.01,116923.21,116694.28,116700,320.47308
1754622000000,116700,116980,116699.6,116737.35,607.75417
1754625600000,116737.34,116869.49,116666,116750.01,325.84463
1754629200000,116750.01,116750.01,116505,116530.63,346.36157
1754632800000,116530.64,116763.44,116401,116740.01,336.4827
1754636400000,116740.01,116973.3,116557.54,116817.19,447.58601
1754640000000,116817.2,116914.6,116449.51,116620.63,335.47963
1754643600000,116620.63,116726.88,116481.44,116685.17,231.14843
1754647200000,116685.17,116714.46,116317.08,116544.39,331.86082
1754650800000,116544.39,116899.78,116544.39,116891.51,210.49123
1754654400000,116891.51,116891.52,116492.45,116500.48,293.02279
1754658000000,116500.49,116945.63,116499.43,116917.97,612.94206
1754661600000,116917.98,117271.73,116381.32,116491.53,725.75392
1754665200000,116491.53,116538.94,115878.71,116207.69,909.09971
1754668800000,116207.7,116364.82,116006.14,116193.63,344.02759
1754672400000,116193.63,116708.86,116161.11,116708.86,450.81243
1754676000000,116708.86,116900,116336,116497.99,571.6669
1754679600000,116497.99,116716.26,116337.91,116453.41,324.29021
1754683200000,116453.41,116900,116319.06,116888.52,248.65741
1754686800000,116888.52,116979.95,116755.53,116931.44,257.90138
1754690400000,116931.43,116980,116752.05,116888.9,210.4007
1754694000000,116888.9,116917.74,116657.26,116674.74,137.56292
1754697600000,116674.74,116750,116577.72,116586,153.621
1754701200000,116586,116650.01,116521.38,116563.26,163.11531
1754704800000,116563.26,116563.26,116400,116404,173.10957
1754708400000,116404,116482.28,116299.13,116384.01,482.04648
1754712000000,116384.01,116675.99,116339.45,116434.76,377.42502
1754715600000,116434.77,116980,116418,116739.23,1012.58137
1754719200000,116739.23,116756.24,116532.77,116650.75,388.30445
1754722800000,116650.75,116902.22,116633.88,116756.01,242.70175
1754726400000,116756,117181,116756,117106.65,373.19101
1754730000000,117106.66,117510.88,117045.54,117510.87,774.92238
1754733600000,117510.88,117944.05,117382.27,117424.16,867.64459
1754737200000,117424.16,117471.73,117082.43,117110,337.61342
1754740800000,117110,117238.04,117010,117116.64,301.63531
1754744400000,117116.65,117154.15,116878.68,116968.32,306.03785
1754748000000,116968.32,117000,116748.2,116972.87,357.09924
1754751600000,116972.87,117132.75,116700.01,116892.47,417.89197
1754755200000,116892.48,116947.16,116642.67,116648.51,288.56338
1754758800000,116648.51,116782.46,116619.77,116670.22,252.00135
1754762400000,116670.22,116720.96,116555.02,116634.91,227.07359
1754766000000,116634.91,116721.74,116500,116535.69,435.14207
1754769600000,116535.68,117021.16,116504.53,116778.07,562.07841
1754773200000,116778.07,116794.4,116359.89,116524.09,452.45503
1754776800000,116524.09,116742.28,116500,116541.63,406.75315
1754780400000,116541.62,116590,116436.15,116462.25,161.12374
1754784000000,116462.25,116759.08,116460.63,116749.47,289.53628
1754787600000,116749.46,116776.59,116539.99,116576.42,275.18169
1754791200000,116576.42,117318,116576.41,117317.99,579.74957
1754794800000,117317.99,118500,117250.41,118500,2748.2157
1754798400000,118500,118741.77,118380,118485.45,980.85579
1754802000000,118485.45,118511,117902.62,118045,566.81947
1754805600000,118045,118161.05,117743.44,118074.24,319.46299
1754809200000,118074.24,118238.87,117466.34,117808.3,576.94555
1754812800000,117808.29,118400,117608.01,118308.85,375.95884
1754816400000,118308.86,118441.48,118110.64,118293.08,372.51661
1754820000000,118293.09,118293.45,117998.9,118020,328.37693
1754823600000,118020.01,118500,117940,118330.58,429.47265
1754827200000,118330.58,118737.26,118232,118514,629.53171
1754830800000,118514,118683.87,118370.39,118452,392.64786
1754834400000,118451.99,118850,118308.02,118779,740.25126
1754838000000,118778.99,119113.94,118568.07,118815,1046.79677
1754841600000,118815,118944.24,118623.14,118671.74,402.88128
1754845200000,118671.75,118693.02,118453.48,118520.32,230.15923
1754848800000,118520.33,118611.91,118433.8,118554.01,143.03169
1754852400000,118554.01,118714.28,118462.29,118663.08,219.78592
1754856000000,118663.09,118765.71,118074.99,118323.16,759.54759
1754859600000,118323,118716.91,118092,118716.9,598.54997
1754863200000,118716.9,119084.93,118615.44,119084.92,563.5175
1754866800000,119084.93,119311.11,118861.16,119294.01,752.97788
1754870400000,119294.27,119500,119104.17,119126.35,785.72983
1754874000000,119126.35,119999,118972.59,119988,1217.33398
1754877600000,119988,121894.64,119937.59,121876,3889.63895
1754881200000,121875.99,122164.07,121559.11,121728.99,1733.48981
1754884800000,121729,122175.88,121623.14,122080,1318.04919
1754888400000,122080,122335.16,121823.24,122059.34,960.5403
1754892000000,122059.34,122332.98,121954.79,122300.63,842.9397
1754895600000,122300.64,122313,121466.08,121537.15,1158.35871
1754899200000,121537.14,121823,121207.34,121679.13,889.12137
1754902800000,121679.13,121704.78,121080,121439.75,793.97438
1754906400000,121439.75,121455.02,120954.13,121184.84,824.81128
1754910000000,121184.84,121283.29,120286.4,120561.54,1708.36029
1754913600000,120561.53,120667.54,119536.75,119643.7,1739.45694
1754917200000,119643.7,120328.93,119382.91,120010,1453.53759
1754920800000,120009.99,120586.54,119809.06,120243.59,1235.12815
1754924400000,120243.6,120408.01,119843.18,120314.4,808.13955
1754928000000,120314.4,120794.05,119920,119953.65,915.6277
1754931600000,119953.65,120150,119461.97,119500,536.23147
1754935200000,119500.01,119870.2,119261.57,119773.92,530.7427
1754938800000,119773.92,119785.72,118604.17,119089.3,830.32085
1754942400000,119089.3,119093,118565.69,118824.34,553.02173
1754946000000,118824.33,119172.63,118050.11,118712.61,847.50979
1754949600000,118712.61,118906.41,118280.71,118886.96,629.34656
1754953200000,118886.97,118889,118588.78,118686,292.92347
1754956800000,118686,119021.77,118593.39,118949.31,609.75469
1754960400000,118949.31,119108.06,118767.54,118977.1,413.93961
1754964000000,118977.09,119275.46,118834.51,119054.13,399.30726
1754967600000,119054.14,119120,118749.06,118857.7,471.63372
1754971200000,118857.7,119158.06,118804.75,119067.97,368.18781
1754974800000,119067.97,119067.97,118424.86,118819.99,836.98015
1754978400000,118820,119032,118607.85,118839.97,1210.70965
1754982000000,118839.97,119150,118839.97,118986.72,719.50636
1754985600000,118986.73,119058.43,118740,118814.7,715.27467
1754989200000,118814.71,118893.29,118400.01,118408.38,737.95535
1754992800000,118408.38,118662.9,118207.47,118449.99,569.79019
1754996400000,118449.99,118662.9,118222,118522.22,323.35879
1755000000000,118522.22,119264.66,118285,119264.66,1633.67826
1755003600000,119264.66,119712.6,118631.69,118847.35,1772.02738
1755007200000,118847.35,119437.12,118764.36,119437.12,607.50451
1755010800000,119437.12,119960,119320,119933,900.84426
1755014400000,119933,120192.1,119525,119647.7,763.58705
1755018000000,119647.69,119857.04,119172.62,119269.99,649.26235
1755021600000,119270,120073.01,119267,119344.9,537.1305
1755025200000,119345.07,119958.05,119309.08,119665.27,359.09127
1755028800000,119665.27,120324.43,119485.84,120192.1,838.15928
1755032400000,120192.09,120202.21,119792.5,119903.36,393.93368
1755036000000,119903.36,120100,119650,120099.99,428.42505
1755039600000,120100,120299.99,119925.47,120134.08,460.06709
1755043200000,120134.09,120192.1,119636,119713.19,515.63049
1755046800000,119713.19,119716.24,119337.67,119478.47,550.66677
1755050400000,119478.47,119729.99,119094.28,119549.37,638.50499
1755054000000,119549.37,119630.57,119306.89,119482.01,656.1991
1755057600000,119482.01,119820.18,119328.12,119335.01,694.25608
1755061200000,119335.01,119673.28,118920.92,119070.69,727.82442
1755064800000,119070.68,119416.22,118955.99,119410.01,373.05315
1755068400000,119410.01,119638.55,119290.01,119580.4,528.96933
1755072000000,119580.4,120044.5,119446.22,120044.49,874.74205
1755075600000,120044.5,120169.76,119771.88,120116.02,675.01444
1755079200000,120116.02,120496,120047.58,120496,931.34391
1755082800000,120496,120732.94,120432.21,120570.41,732.08488
1755086400000,120570.41,120686,120209.51,120273.72,911.18128
1755090000000,120273.72,122051.99,120106.02,121767.97,2385.47998
1755093600000,121767.97,122200,120759.37,120890.73,2480.0002
1755097200000,120890.74,121343.06,120309.73,120920.62,1452.01051
1755100800000,120920.61,121721.3,120920.61,121421.77,704.71477
1755104400000,121421.77,121887.53,121421.76,121823.24,934.90387
1755108000000,121823.25,121954.51,121429.36,121639.2,891.23926
1755111600000,121639.19,122839.47,121524.27,122744.21,1637.04367
1755115200000,122744.22,122973,122464.34,122904.01,839.50398
1755118800000,122904.01,123000,122298.2,122561.16,1066.42754
1755122400000,122561.17,123637.68,122561.16,122954.03,1390.69414
1755126000000,122954.03,123667.79,122907.05,123306.43,618.58221
1755129600000,123306.44,124474,123251.9,123847.83,1664.051676
1755133200000,123847.82,123946.46,123337.66,123337.67,661.07211
1755136800000,123337.66,123689.98,123250.5,123662.53,671.89713
1755140400000,123662.53,123849.98,123295.21,123337.14,484.6554
1755144000000,123337.14,123428.6,123001.46,123003.17,571.29861
1755147600000,123003.17,123123.6,122080,122134.76,832.10482
1755151200000,122134.76,122134.76,121313.86,121771.27,1465.18702
1755154800000,121771.27,122047.79,121538.28,121725.31,887.06699
1755158400000,121725.31,122045.9,121560.83,121637.78,956.93709
1755162000000,121637.78,121918.8,121528.55,121649.84,613.30308
1755165600000,121649.84,121772.9,120757.01,120933,1133.31236
1755169200000,120932.99,121031.31,120694,120949.67,752.73621
1755172800000,120949.66,121183.06,117632,118866.37,5056.4661
1755176400000,118866.37,119249.2,117727.73,118428.85,3271.5732
1755180000000,118428.86,119361.45,118008.32,118799.01,1837.14675
1755183600000,118799.02,118899.64,117879.87,118257.25,1451.88156
1755187200000,118257.26,118257.26,117407.09,117866.42,1506.20052
1755190800000,117866.42,118146.48,117500,117920.13,636.71884
1755194400000,117920.14,118214.78,117180,118089.75,713.71597
1755198000000,118089.75,118535,117920,117945.92,688.76991
1755201600000,117945.92,118146.55,117724.37,117866.16,595.56886
1755205200000,117866.16,118199.99,117302.33,117899.16,723.48169
1755208800000,117899.16,118349.01,117641.4,118285.46,363.07143
1755212400000,118285.47,118516.81,118239.68,118295.09,442.73026
1755216000000,118295.09,118473.18,118032.94,118181.97,387.64196
1755219600000,118181.98,118736,118032.32,118681.64,473.85001
1755223200000,118681.63,118888,118584.2,118698,549.41556
1755226800000,118698,119077.71,118604.41,118968.91,472.64683
1755230400000,118968.91,119199.2,118770,118833.03,497.50906
1755234000000,118833.04,119000,118629.58,118984.29,360.89875
1755237600000,118984.29,119216.82,118866.01,119082.82,411.99414
1755241200000,119082.83,119100,118758.8,118956.45,462.50496
1755244800000,118956.45,119144.5,118878.71,118878.72,251.38068
1755248400000,118878.72,119058.94,118600,118707.99,299.88114
1755252000000,118708,119026.53,118708,118879.83,283.78706
1755255600000,118879.82,119121.31,118879.82,119006.01,294.77719
1755259200000,119006.01,119130.77,118510,118648.66,647.85118
1755262800000,118648.66,118738,117743.21,117770.48,1302.10489
1755266400000,117770.47,118274,117260,117400,1176.80402
1755270000000,117400,117588.68,116827.29,117275.22,2002.13351
1755273600000,117275.23,117418.49,116803.99,117353.36,756.28175
1755277200000,117353.36,117882.35,117000,117586.92,862.91559
1755280800000,117586.92,117662.41,117028.98,117159.66,333.40859
1755284400000,117159.65,117412.82,116866,116936.27,440.85496
1755288000000,116936.28,117323.47,116862.5,117280,248.37175
1755291600000,117280.01,117350,117000,117320.02,268.99006
1755295200000,117320.01,117738.57,117302.65,117702,374.66043
1755298800000,117701.99,117761.88,117036.53,117342.05,462.67467
1755302400000,117342.04,117781.99,117231.14,117735.21,546.22017
1755306000000,117735.2,117898.99,117626.31,117821.6,349.62497
1755309600000,117821.61,117821.61,117440.74,117505.51,307.50607
1755313200000,117505.52,117657.97,117389.56,117429.63,217.17429
1755316800000,117429.63,117884,117419.44,117815.66,222.51215
1755320400000,117815.66,117852.25,117522.7,117595.78,201.54892
1755324000000,117595.78,117635.42,117278,117394.65,260.53589
1755327600000,117394.64,117674.77,117344.69,117596.07,240.659
1755331200000,117596.07,117677.06,117501.16,117631.09,185.0877
1755334800000,117631.09,117703.92,117306,117312,303.36694
1755338400000,117312,117447.05,117143.98,117388,524.83945
1755342000000,117387.99,117540,117350.12,117378.52,192.74721
1755345600000,117378.52,117747.36,117327.63,117747.36,348.10374
1755349200000,117747.35,117799.99,117582.29,117623.52,365.37584
1755352800000,117623.53,117771.4,117550,117771.39,253.05868
1755356400000,117771.4,117825,117621.1,117676.7,224.96201
1755360000000,117676.7,117817.65,117676.7,117747.65,389.81984
1755363600000,117747.64,117747.65,117651.72,117693,181.46105
1755367200000,117692.99,117757.06,117629.94,117685.79,112.36973
1755370800000,117685.78,117771.4,117652.92,117672.12,133.77621
1755374400000,117672.13,117713.51,117522.01,117655.41,155.93762
1755378000000,117655.41,117655.42,117433.33,117452.21,152.99321
1755381600000,117452.21,117552,117219.34,117460.56,325.20777
1755385200000,117460.57,117475.07,117278.23,117380.66,198.79271
1755388800000,117380.66,117419.45,117255.18,117255.19,159.66726
1755392400000,117255.18,117491.44,117172.21,117439.97,244.13312
1755396000000,117439.97,117624.55,117381.39,117606,157.36164
1755399600000,117606,117771.37,117505.93,117684.95,209.36889
1755403200000,117684.96,118187.28,117684.95,118076.11,372.88806
1755406800000,118076.12,118230.82,118000,118000.01,296.61443
1755410400000,118000,118118,117905.37,117923.99,232.28871
1755414000000,117924,118030.15,117843.74,118005.98,207.89215
1755417600000,118005.98,118399.99,117922,118366.06,337.81576
1755421200000,118366.05,118484,118235,118345.99,330.30362
1755424800000,118345.99,118393.35,118190,118393.34,170.26339
1755428400000,118393.34,118393.35,118270.8,118308.01,169.29272
1755432000000,118308,118356.62,118134.51,118162.6,183.56593
1755435600000,118162.61,118575,118059.12,118429.99,396.26094
1755439200000,118429.99,118473.66,118150,118150.01,189.61777
1755442800000,118150.01,118263.9,118137.25,118246.16,204.82807
1755446400000,118246.15,118316.01,117700.7,117834.56,488.38516
1755450000000,117834.55,117934.82,117645.04,117900,212.98829
1755453600000,117900.01,117947.98,117321.53,117542.01,360.32583
1755457200000,117542.01,117749.12,117468,117570.07,264.4763
1755460800000,117570.07,117749.32,117508.49,117599.44,141.19933
1755464400000,117599.44,117781.38,117599.43,117700,104.468
1755468000000,117700.01,117995.37,117688.5,117954.99,232.19191
1755471600000,117955,117978.42,117371.65,117405.01,232.44464
1755475200000,117405.01,117543.75,117020,117290.19,640.08542
1755478800000,117290.2,117409.87,116166.03,116269.54,1892.28591
1755482400000,116269.53,116339.61,115292.67,115453.24,2015.07156
1755486000000,115452,115636.89,115000,115319,1253.98009
1755489600000,115319,115533.89,115079.91,115469.51,597.83019
1755493200000,115469.52,115688,115000,115687.99,763.17629
1755496800000,115687.99,115712.49,114878.71,115245.56,1274.28433
1755500400000,115245.56,115477.2,115186.56,115205.98,798.13334
1755504000000,115205.99,115402.51,115068.58,115135.43,582.2051
1755507600000,115135.43,115135.44,114640.14,115038.46,1245.97423
1755511200000,115038.46,115261.69,114985,115058.58,567.82403
1755514800000,115058.58,115127.54,114860.62,114947.27,397.98648
1755518400000,114947.27,115520,114902.94,115519.99,477.46603
1755522000000,115520,115736.54,114825,114839.13,824.85948
1755525600000,114839.14,115633.73,114839.14,115633.73,673.6191
1755529200000,115633.72,116186.97,115402,116145.34,796.23484
1755532800000,116145.34,116350,115818.86,115962.24,496.59282
1755536400000,115962.24,116800,115962.23,116428.99,713.09082
1755540000000,116428.98,116579.16,116238.71,116481.81,239.93978
1755543600000,116481.8,116639.35,116204,116313.99,281.74931
1755547200000,116314,116529.5,115980.32,116407.99,349.12342
1755550800000,116407.99,116675.67,116403.76,116648.99,230.40574
1755554400000,116649,116980,116394.12,116399.99,316.21157
1755558000000,116400,116564.38,116089,116227.05,317.80966
1755561600000,116227.05,116563.55,115516.82,116563.13,597.52684
1755565200000,116563.12,116725.69,115710.03,115798,461.06933
1755568800000,115798,116051,115635.63,115747.08,344.75966
1755572400000,115747.09,115771.98,114787.23,114810,987.54165
1755576000000,114810.01,115372.55,114366,115305.99,973.09499
1755579600000,115306,115483.24,114944.16,114972.9,406.89708
1755583200000,114972.9,115219.99,114914.26,115019.99,394.62483
1755586800000,115019.99,115056,114600.74,114978.14,724.50631
1755590400000,114978.15,115300,114804,115186.48,489.77403
1755594000000,115186.47,115488.27,115185.92,115322.7,443.60844
1755597600000,115322.69,115577.6,115317.92,115400,241.6168
1755601200000,115400,115650,115400,115508.71,296.0435
1755604800000,115508.71,115617.84,115282.7,115599.99,338.93222
1755608400000,115600,115875.84,114869.6,115192,928.5804
1755612000000,115192,115378.82,113770.34,113882.66,2263.58751
1755615600000,113882.66,114177.58,113587.68,113786.38,1763.36303
1755619200000,113786.39,113897.58,113346.28,113388.3,959.63398
1755622800000,113388.31,113596.07,113107.07,113520.11,1084.66267
1755626400000,113520.11,113520.11,112837.11,113069.61,889.38987
1755630000000,113069.61,113552.03,112767.06,113132.48,850.664
1755633600000,113132.49,113570.44,112927.82,113570.44,496.52563
1755637200000,113570.44,113589.48,113413.14,113419.11,316.99786
1755640800000,113419.1,113440.43,113060,113174.42,1090.07931
1755644400000,113174.42,113201.26,112732.58,112872.94,721.9943
1755648000000,112872.95,113320,112843.14,113215.5,605.5856
1755651600000,113215.49,113413.23,112566.01,112996.93,1004.04056
1755655200000,112996.93,113500,112944.68,113438.29,915.27403
1755658800000,113438.29,113636.13,113319.45,113525.91,591.80557
1755662400000,113525.9,113700,113460.29,113633.47,351.01236
1755666000000,113633.47,113767.44,113464.02,113708,305.42814
1755669600000,113707.99,113734.23,113500,113653.28,284.56575
1755673200000,113653.28,113837.93,113432,113490.13,426.40857
1755676800000,113490.14,114016.77,113401,114010,1021.52601
1755680400000,114010,114010.01,113628.65,113699.98,464.52912
1755684000000,113699.98,113869.5,113587.68,113792.2,310.8205
1755687600000,113792.19,113859.26,113060.08,113666.68,555.63081
1755691200000,113666.69,113944,113512.88,113659.01,643.44169
1755694800000,113659.01,113659.01,112600,112693.15,1099.37126
1755698400000,112693.14,113854.34,112380,113465.84,1578.65617
1755702000000,113465.84,114326.35,113229.43,113353.94,1283.96286
1755705600000,113353.94,114309.16,113278.49,113839.99,769.22274
1755709200000,113839.99,114444,113781.16,114197.53,577.51878
1755712800000,114197.54,114269.63,113264.01,113490.01,676.25877
1755716400000,113490,114337.31,113472.38,114276.66,601.00585
1755720000000,114276.66,114375.27,114000,114370,384.69129
1755723600000,114370,114476.13,114000,114356.24,372.36928
1755727200000,114356.24,114615.38,114206.89,114595.19,498.00131
1755730800000,114595.19,114608.77,114220,114271.24,315.21492
1755734400000,114271.23,114493.1,114010.87,114292.14,429.62667
1755738000000,114292.14,114736,113954.13,114729.94,432.98345
1755741600000,114729.93,114821.76,113906.01,114038,447.89489
1755745200000,114038,114531.29,113954.61,113954.62,316.2228
1755748800000,113954.62,114033.84,113800,113800,293.43085
1755752400000,113800.01,114010.83,113637,113995.12,344.63705
1755756000000,113995.12,113995.12,113609.88,113807.2,443.88446
1755759600000,113807.2,113944.74,113582.43,113896.03,530.41085
1755763200000,113896.03,113990,113588.45,113588.45,336.76542
1755766800000,113588.46,113616.58,113300,113376.85,413.40552
1755770400000,113376.85,113479.97,113230,113329.74,331.35097
1755774000000,113329.74,113542.47,113000,113148.66,428.12915
1755777600000,113148.65,113416.69,112950,113095.29,386.2075
1755781200000,113095.3,113713.56,113055.93,113486.98,624.69624
1755784800000,113486.98,113995.11,112913.39,113281.99,580.15894
1755788400000,113282,113386.31,112608.64,112792.08,930.0476
1755792000000,112792.08,112969.47,112333.33,112379.58,780.22707
1755795600000,112379.58,112596.9,112201,112410.91,737.11033
1755799200000,112410.92,112682.2,112224.67,112602.62,382.38194
1755802800000,112602.62,112724.74,112015.67,112193.71,569.08483
1755806400000,112193.71,112870.94,112067.46,112450.3,336.45252
1755810000000,112450.31,112734.51,112100,112628.76,337.37667
1755813600000,112628.75,112712.7,112425.35,112511.2,200.73506
1755817200000,112511.19,112511.2,112272.04,112500,226.47157
1755820800000,112500,112840,112489.42,112630.87,267.79499
1755824400000,112630.88,112924.37,112335.6,112840.08,331.54981
1755828000000,112840.08,113525,112784.68,113153.96,716.89343
1755831600000,113153.96,113441.45,112882.9,112929.24,293.95702
1755835200000,112929.24,113256.03,112708.81,112847.63,270.33795
1755838800000,112847.62,113285.59,112844.56,113241.99,333.83128
1755842400000,113241.98,113394.76,112844,112998.3,426.59054
1755846000000,112998.3,113250,112950,113094.83,625.49743
1755849600000,113094.83,113319.3,112950,112980.34,448.78194
1755853200000,112980.34,113128,112815.55,113049.67,517.13631
1755856800000,113049.67,113060,112512.74,112534.54,455.48522
1755860400000,112534.54,112629.4,112177.27,112320,511.03227
1755864000000,112320.01,112713.93,111684.79,112341.5,1660.5893
1755867600000,112341.5,112662.27,111932.28,112487.11,1042.30053
1755871200000,112487.1,116116.11,112468.35,115808.23,6271.74223
1755874800000,115808.24,117296.12,115808.23,116370.75,2530.62921
1755878400000,116370.75,116783.22,116116,116146.47,1756.6795
1755882000000,116146.48,117032.84,116146.48,117024,1300.14206
1755885600000,117024.01,117429.05,116750,116805.27,721.60524
1755889200000,116805.27,116914.3,116520,116655.79,529.51964
1755892800000,116655.79,117127.44,116570.17,117052.65,545.695
1755896400000,117052.65,117174.43,116829.34,117028.27,678.08593
1755900000000,117028.27,117057.14,116550.96,116757.18,585.72702
1755903600000,116757.18,116937.56,116674.51,116935.99,306.48652
1755907200000,116936,117030,116726.64,116870.22,351.38045
1755910800000,116870.22,116882.16,116300,116453.59,596.49295
1755914400000,116453.59,116547.95,115500,115927.98,1195.36796
1755918000000,115927.98,116044.55,115458.2,115568.77,504.34283
1755921600000,115568.77,115980,115551.2,115926.77,535.76766
1755925200000,115926.77,116034.53,115800.01,115954.51,806.27196
1755928800000,115954.51,116015.69,115690.83,115781.16,462.86069
1755932400000,115781.16,115928,115669.76,115799.47,453.28331
1755936000000,115799.46,115861.8,115607.46,115746.12,341.58386
1755939600000,115746.12,115782.03,115605.27,115765.82,288.64099
1755943200000,115765.81,115780.59,115575.72,115575.72,312.57302
1755946800000,115575.73,115616.63,115223.43,115310.13,371.09604
1755950400000,115310.13,115486.97,115175.48,115213.6,445.4785
1755954000000,115213.6,115213.6,114735.57,114864.92,981.86665
1755957600000,114864.92,115081.59,114620,114621.47,1000.43667
1755961200000,114621.48,114966.87,114560,114812.87,599.77984
1755964800000,114812.88,115097.92,114684.11,115020,448.76533
1755968400000,115020,115167.78,114947.46,115087.97,327.26623
1755972000000,115087.97,115190.74,115035.11,115145.77,178.18512
1755975600000,115145.77,115173.86,115051.32,115133.91,151.33399
1755979200000,115133.92,115325.82,115108.23,115325.81,181.19976
1755982800000,115325.81,115325.82,115001.88,115028,194.43314
1755986400000,115028.01,115317.86,115028,115317.85,117.57565
1755990000000,115317.86,115454.12,115244.7,115438.05,483.37937
1755993600000,115438.06,115549.44,115315.33,115375.35,457.40004
1755997200000,115375.36,115584.09,115196,115473.99,655.8074
1756000800000,115473.99,115666.68,115000,115005.15,401.41002
1756004400000,115005.15,115161.24,114934.21,115036,481.30687
1756008000000,115036.01,115283.21,115036,115174.3,345.39663
1756011600000,115174.3,115206.55,114930.65,114996.01,697.85001
1756015200000,114996.01,115062.77,114846.14,114862.4,395.26293
1756018800000,114862.4,115124.86,114855.64,114888.19,277.17773
1756022400000,114888.19,114979.55,114750.01,114838.02,947.55224
1756026000000,114838.02,115060.99,114668,114841.17,438.90856
1756029600000,114841.16,114956.66,114600,114790.4,479.49962
1756033200000,114790.4,114889.91,114620.13,114730.22,357.51883
1756036800000,114730.22,114846.4,114597.55,114673.81,358.78753
1756040400000,114673.8,114869.41,114555,114555,620.84833
1756044000000,114555,114657,114350.57,114514.05,816.73334
1756047600000,114514.05,114865.32,114400,114400,865.64985
1756051200000,114400.01,114541.93,114255.32,114275,786.95266
1756054800000,114275,114578.85,114236,114423.42,983.41055
1756058400000,114423.43,114917.1,114301.22,114626.97,1232.99791
1756062000000,114626.96,114790.75,110680,112600,5318.65876
1756065600000,112600,112987.88,111632.85,112770.39,2003.01345
1756069200000,112770.39,113406.8,112369.16,112988.39,854.85267
1756072800000,112988.4,113500,112614.42,113451.02,755.28007
1756076400000,113451.02,113692.97,113366.49,113493.59,643.70862
1756080000000,113493.59,113516.16,112159,112645.1,897.58897
1756083600000,112645.1,113140.06,112615.9,113066.94,541.53145
1756087200000,113066.95,113640.01,113066.94,113412.36,396.24817
1756090800000,113412.36,113667.28,112905.16,112916.84,549.60431
1756094400000,112916.84,113059.52,112611.78,112764,622.97182
1756098000000,112764.01,112863.24,112309.99,112310,808.04429
1756101600000,112310,112459.18,111756.6,111929.87,933.19436
1756105200000,111929.87,112165.19,111284.05,111511.55,1689.81474
1756108800000,111511.56,111820.53,110991.28,111414.3,1278.94125
1756112400000,111414.3,111850.13,111259.76,111800.01,626.80974
1756116000000,111800,111806.99,110939.4,110984.03,1416.44599
1756119600000,110984.04,111279.91,110929.48,111214.97,706.0609
1756123200000,111214.97,111682.49,111072,111586.31,722.92729
1756126800000,111586.3,111754.82,110588,111491.69,1555.34009
1756130400000,111491.7,112307.69,111326.49,112260,1426.03051
1756134000000,112260.01,112580,111828.24,112200.64,889.02271
1756137600000,112200.65,112937.26,112022,112502.43,781.23286
1756141200000,112502.43,112800,112159,112431.4,674.4052
1756144800000,112431.4,112618.89,112250.13,112402.9,310.54741
1756148400000,112402.9,112430.16,110655.01,110716.13,1343.21864
1756152000000,110716.13,111092.54,109390.01,109561.96,4098.07281
1756155600000,109561.96,110280.5,109274.1,109888.01,1595.13661
1756159200000,109888.01,110599.07,109888,110153.23,652.68653
1756162800000,110153.23,110267.55,109781.61,110111.98,666.91714
1756166400000,110111.98,110111.98,108854.19,109100.23,2132.52683
1756170000000,109100.24,109910.68,108666.66,109897.2,1090.85402
1756173600000,109897.21,110026.14,109505.04,109710.96,531.88497
1756177200000,109710.96,109927.99,109432,109879.56,400.12624
1756180800000,109879.57,110235.29,109879.57,110100.01,466.51131
1756184400000,110100.01,110375.58,110084.41,110196.01,359.69829
1756188000000,110196,110342.57,109900,109988.18,469.86809
1756191600000,109988.17,110547.31,109765.93,110303.2,613.97463
1756195200000,110303.2,110455.13,110000,110102.02,448.59912
1756198800000,110102.02,110413.54,110037.51,110152.89,335.89147
1756202400000,110152.9,110413.54,110064.12,110216.53,405.76551
1756206000000,110216.52,110224.09,109570.34,109876.52,661.84556
1756209600000,109876.53,110818.6,109612,110216.81,1094.24871
1756213200000,110216.81,110265.31,109393.93,110094.66,1207.83119
1756216800000,110094.66,110552.86,109800,110358.13,1124.78296
1756220400000,110358.13,110561.76,109550,109666.33,1132.82225
1756224000000,109666.34,110153.84,109450,110153.84,936.04216
1756227600000,110153.83,110205.68,109587.42,109988.07,788.03072
1756231200000,109988.07,110990.05,109966.64,110695.58,721.67701
1756234800000,110695.58,111162.59,110501.57,111116.03,1102.76066
1756238400000,111116.03,111380.03,110918.26,111321.58,705.40181
1756242000000,111321.57,111584.61,111113.67,111584.6,375.99082
1756245600000,111584.6,111945.69,111557.09,111910.01,610.79197
1756249200000,111910,112371,111737.38,111763.22,734.51247
1756252800000,111763.22,111825.16,111339.22,111356.37,600.11827
1756256400000,111356.38,111469.07,111092.8,111299.48,488.51561
1756260000000,111299.48,111480,111105.45,111135.37,474.9491
1756263600000,111135.37,111723.92,110918.26,111418.15,608.69015
1756267200000,111418.15,111737.26,111403.29,111570.81,422.75409
1756270800000,111570.81,111685.57,111337.85,111372.18,323.13251
1756274400000,111372.18,111372.19,111028.02,111040.09,326.53843
1756278000000,111040.1,111129.94,110622.5,110725.18,737.37791
1756281600000,110725.19,110837.77,110345.42,110756.01,607.62048
1756285200000,110756,111125.32,110720.06,110810.78,362.97245
1756288800000,110810.77,111267.7,110810.77,110975.12,336.60819
1756292400000,110975.12,111374.45,110975.11,111322.07,287.06641
1756296000000,111322.07,111397.74,111022.78,111344.42,397.11123
1756299600000,111344.43,111895.25,111019.02,111487.24,851.74843
1756303200000,111487.24,112625,111283.97,111815.94,1276.25098
1756306800000,111815.94,112084.43,111505,112000,784.98996
1756310400000,111999.99,112250,111541.23,112121.46,613.40717
1756314000000,112121.45,112444.1,111897.43,112345.29,386.39727
1756317600000,112345.3,112600,111928,111947.21,410.75955
1756321200000,111947.22,112212.06,111576.24,112080.69,491.86153
1756324800000,112080.68,112419.09,110921.79,112419.07,1418.31926
1756328400000,112419.08,112452.05,111368.15,111528.19,454.99512
1756332000000,111528.19,111610.06,111051,111409.54,421.42728
1756335600000,111409.54,111544,111102.28,111262.01,308.99737
1756339200000,111262.01,111535.09,110862.42,111338.92,402.94473
1756342800000,111338.93,111714.28,111334.89,111647.7,252.40621
1756346400000,111647.71,111761.58,111446.07,111500,198.00577
1756350000000,111499.99,112042.04,111408,112000.01,350.42111
1756353600000,112000,113082.48,111945.07,112965.9,844.0612
1756357200000,112965.89,113160,112702.13,112853.24,635.30026
1756360800000,112853.24,113284.41,112716,113213.78,337.92035
1756364400000,113213.79,113360,113005.92,113114.11,664.63681
1756368000000,113114.11,113351.51,113006.66,113128.49,420.29225
1756371600000,113128.49,113139.8,112850.4,112856.89,355.38489
1756375200000,112856.89,113127.53,112826.22,113127.53,342.86877
1756378800000,113127.53,113152.97,112850,112909.18,300.49745
1756382400000,112909.18,113340.01,112781.68,113239.44,542.61317
1756386000000,113239.44,113485.9,112575.43,112832,1179.11716
1756389600000,112832.75,113300,112528.15,113153.06,644.09235
1756393200000,113153.07,113250,112391.56,112678.53,723.11082
1756396800000,112678.53,113186.56,112329.44,112329.44,566.22384
1756400400000,112329.44,112617.86,112215.32,112387.99,544.60806
1756404000000,112388,112718.2,112230.76,112373.59,299.78379
1756407600000,112373.58,112575.84,111901.35,111901.36,402.6813
1756411200000,111901.36,112111.05,111872.06,111902.49,225.57171
1756414800000,111902.5,112133.65,111900,112025.07,225.0768
1756418400000,112025.07,112509.33,112025.06,112340.64,326.33504
1756422000000,112340.64,112575.98,112305.15,112566.9,320.3236
1756425600000,112566.9,112638.64,112129.13,112200.94,446.62185
1756429200000,112200.94,112271.38,111425.28,111486,719.46398
1756432800000,111486,111770.44,111361.35,111419.98,547.49956
1756436400000,111419.98,111823.19,111302.27,111704.23,409.42082
1756440000000,111704.24,111850.56,111420.87,111502,396.49962
1756443600000,111502.01,111583.13,111133.64,111315.42,508.83781
1756447200000,111315.42,111401.06,110955.41,111279.45,1428.68924
1756450800000,111279.45,111279.45,109899.99,110019.38,1926.94513
1756454400000,110019.38,110270.3,109610,109628.02,1262.43838
1756458000000,109628.02,109924.39,109414.18,109772.71,713.11845
1756461600000,109772.71,110028,109750,110008.01,414.17589
1756465200000,110008,110161.93,109835.29,110098.81,458.57754
1756468800000,110098.81,111517.07,110070.73,110728,1553.7899
1756472400000,110728.01,110780.57,108900,109106.14,2037.27573
1756476000000,109106.14,109560.14,108103,108198.67,2371.46354
1756479600000,108198.66,108727.38,108188.39,108386.23,1766.75123
1756483200000,108386.23,108832,108140,108705.67,960.99261
1756486800000,108705.68,108725.5,108155.73,108466.01,529.32413
1756490400000,108466.01,108500,108101.07,108145.4,328.44201
1756494000000,108145.4,108744,107934.24,108212.01,786.88663
1756497600000,108212.01,108263.02,107506,107770.78,1863.41834
1756501200000,107770.78,108470.75,107463.9,108450.01,644.62367
1756504800000,108450,108480.49,108207.79,108378.97,247.74076
1756508400000,108378.98,108549.99,108322.79,108377.4,257.31363
1756512000000,108377.4,108410.73,108139.49,108300.71,612.21355
1756515600000,108300.7,108350,107350.1,107447.97,702.48254
1756519200000,107447.97,107951.77,107384,107782.01,781.27336
1756522800000,107782.01,108436.21,107769.48,108436.2,1148.16791
1756526400000,108436.21,108697.28,108372.95,108435.59,1453.52211
1756530000000,108435.58,108480.71,108129.3,108347.2,569.67263
1756533600000,108347.2,108554.73,108209.35,108320,334.65645
1756537200000,108320,108524.26,108120,108524.26,694.47404
1756540800000,108524.26,108777.43,108488,108568,287.42447
1756544400000,108568,108604.82,108470.84,108517.63,290.0264
1756548000000,108517.63,108690.49,108400,108425.99,427.7596
1756551600000,108425.98,108714.35,108422.36,108680.01,411.74343
1756555200000,108680.01,108680.01,108333,108614.86,356.51633
1756558800000,108614.85,108614.86,108190.52,108531.14,552.78663
1756562400000,108531.14,108740.16,108408.84,108661.99,285.06574
1756566000000,108662,108926.15,108551.08,108869.98,346.17102
1756569600000,108869.98,108879.96,108665.63,108815.72,286.49152
1756573200000,108815.72,108898.17,108625.46,108784.71,163.33936
1756576800000,108784.71,108839.13,108629.28,108739.72,109.15999
1756580400000,108739.72,108900,108650,108828.33,118.59542
1756584000000,108828.32,108838.27,108580.93,108648,168.45642
1756587600000,108648,108682.81,108500,108588.67,162.11994
1756591200000,108588.67,108595.9,108468.77,108531.12,159.37321
1756594800000,108531.13,108816.34,108530.15,108816.33,286.89952
1756598400000,108816.33,109400,108801.35,109389.08,767.94031
1756602000000,109389.09,109480.02,109141.6,109429.01,456.69292
1756605600000,109429.02,109439.54,109171.97,109224.87,227.48673
1756609200000,109224.88,109378.93,109160.05,109223.84,304.7115
1756612800000,109223.84,109231.41,108666.93,108816.32,409.65172
1756616400000,108816.33,108816.33,108572,108756.85,297.82501
1756620000000,108756.85,108778.27,108523.49,108716.65,209.89685
1756623600000,108716.65,108829.17,108670,108708.26,259.88571
1756627200000,108708.25,109030.51,108708.25,109011.67,217.73644
1756630800000,109011.67,109100,108447.6,108507.68,344.54949
1756634400000,108507.68,108628.63,108303.21,108560.23,639.93429
1756638000000,108560.23,108597.19,108323.73,108389.76,388.6744
1756641600000,108389.77,108486.13,108307.69,108309.2,637.73664
1756645200000,108309.21,108451.45,108191.29,108418.02,675.04582
1756648800000,108418.02,108515.68,108255.43,108467.33,482.56215
1756652400000,108467.32,108858.43,108462.6,108818.69,646.54444
1756656000000,108818.69,108978,108555,108922.79,566.18074
1756659600000,108922.79,108993.88,108852.89,108993.87,242.1119
1756663200000,108993.88,109237.51,108927.5,109146.62,264.16429
1756666800000,109146.62,109167.84,108916.28,108930,160.04622
1756670400000,108930,109118,108880,109117.99,190.53944
1756674000000,109118,109118,108957.12,109037.29,156.22084
1756677600000,109037.3,109230,108758.37,108900.46,245.89578
1756681200000,108900.45,108917.36,108076.93,108246.35,697.48233
